id,startdate,enddate,treatment,paffect1,paffect2,paffect3,paffect4,paffect5,paffect6,naffect1,naffect2,naffect3,naffect4,naffect5,naffect6,willingnessjobrec1,willingnessjobrec2,turnover1,turnover2,turnover3,manipulationcheck,prosocialimpact1,prosocialimpact2,prosocialimpact3,societalimpact1,societalimpact2,societalimpact3,beneficiaries_obj,taskvariety1,taskvariety2,taskvariety3,taskvariety4,taskvariety5,taskanalyz1,taskanalyz2,taskanalyz3,taskanalyz4,attention1,autonomy1,autonomy2,autonomy3,beneficiaries1,beneficiaries2,attention2,manager,gender,yearbirth,sector,atwork,finished
1,2/22/2018 15:05:49,2/22/2018 15:08:37,4,6,5,6,5,7,6,1,1,1,1,3,2,4,2,6,1,1,1,6,7,6,2,2,6,4,4,3,2,4,3,4,2,4,4,3,7,5,6,5,5,7,0,1,1980,3,2,1
2,2/22/2018 15:05:44,2/22/2018 15:09:30,2,6,6,5,7,6,7,2,2,2,1,2,2,3,3,5,2,2,1,6,5,5,5,5,4,2,2,3,2,3,2,3,5,4,4,3,6,6,6,4,5,7,0,1,1990,4,2,1
3,2/22/2018 15:05:44,2/22/2018 15:09:55,1,5,3,5,4,3,2,2,2,2,2,2,2,4,2,3,3,6,,5,5,6,5,5,5,4,4,4,4,4,4,5,4,4,4,3,3,2,5,5,5,7,0,2,1986,1,1,1
4,2/22/2018 15:05:10,2/22/2018 15:10:45,3,6,7,7,6,5,1,1,1,1,1,1,1,5,1,6,1,1,2,7,7,7,7,7,7,1,3,3,5,3,5,4,5,4,4,3,6,5,6,6,4,7,0,2,1991,1,2,1
5,2/22/2018 15:05:16,2/22/2018 15:11:19,1,7,7,7,7,1,7,1,1,1,1,1,1,4,2,7,1,1,,7,7,7,5,5,5,1,2,2,2,3,2,4,5,4,3,3,7,7,7,7,7,7,0,1,1972,1,2,1
6,2/22/2018 15:06:39,2/22/2018 15:12:01,3,5,4,4,3,4,5,3,2,3,4,2,2,2,4,4,5,4,2,5,5,6,2,2,2,7,5,5,4,5,5,4,3,4,4,3,3,4,4,5,6,7,0,1,1982,1,2,1
7,2/22/2018 15:07:06,2/22/2018 15:12:14,4,6,6,6,6,6,6,1,1,1,1,1,1,4,2,7,1,1,3,7,7,7,7,7,7,1,5,4,4,4,5,4,4,4,4,3,5,5,6,6,5,7,0,2,1994,1,2,1
8,2/22/2018 15:08:50,2/22/2018 15:12:23,2,5,5,5,5,3,5,4,3,2,3,2,1,2,4,1,7,7,1,5,3,3,3,3,3,3,5,4,4,4,4,2,3,3,3,3,2,2,2,3,3,7,1,2,1991,1,2,1
9,2/22/2018 15:06:16,2/22/2018 15:12:40,3,6,6,6,6,6,5,1,2,1,1,2,1,4,1,6,2,3,2,6,5,5,5,5,5,2,4,4,4,3,3,4,4,3,4,3,4,4,5,5,5,7,0,2,1965,1,2,1
10,2/22/2018 15:06:13,2/22/2018 15:12:50,2,7,6,7,7,6,5,1,1,1,1,1,1,3,3,4,5,2,2,4,4,4,5,5,5,1,5,5,5,5,5,4,4,2,4,3,2,2,2,4,4,7,4,1,1984,3,2,1
11,2/22/2018 15:04:42,2/22/2018 15:12:54,1,5,5,5,5,5,5,2,2,2,2,2,2,3,3,3,3,3,,5,5,5,5,5,5,3,3,3,3,3,3,3,3,3,3,3,5,5,5,5,5,7,5,1,1987,1,2,1
12,2/22/2018 15:07:30,2/22/2018 15:12:55,1,7,6,7,6,6,6,1,1,1,1,1,1,4,2,4,2,5,,6,7,7,6,6,7,2,3,3,4,3,5,5,5,4,5,3,3,1,2,7,7,7,0,2,1982,3,1,1
13,2/22/2018 15:10:33,2/22/2018 15:14:54,1,5,5,5,5,4,5,1,2,1,1,1,1,2,4,3,6,6,,5,5,5,5,5,5,7,5,4,5,4,5,4,4,5,5,3,3,3,3,5,5,7,0,2,1975,1,2,1
14,2/22/2018 15:07:27,2/22/2018 15:15:26,2,5,6,6,6,6,6,1,2,1,1,2,1,3,3,5,5,3,2,6,6,6,6,6,6,1,4,4,4,4,4,4,4,4,4,3,3,3,3,6,6,7,1,2,1987,1,2,1
15,2/22/2018 15:10:27,2/22/2018 15:15:28,3,7,7,5,7,6,4,1,1,1,1,1,1,4,2,5,3,4,2,5,5,6,3,3,2,2,3,4,4,3,4,4,3,4,4,3,6,6,5,7,6,7,0,2,1983,3,1,1
16,2/22/2018 15:08:42,2/22/2018 15:15:40,4,6,6,6,6,6,6,1,1,1,1,1,1,2,4,2,6,6,2,7,7,7,7,7,7,8,1,1,1,1,1,1,4,3,3,3,6,6,6,2,2,7,6,1,1982,3,2,1
17,2/22/2018 15:11:29,2/22/2018 15:15:55,3,5,5,5,5,5,5,1,1,1,1,1,1,5,1,7,1,1,2,6,6,6,5,5,5,3,3,3,3,3,2,3,3,2,2,3,6,6,6,5,5,7,1,2,1963,1,1,1
18,2/22/2018 15:12:41,2/22/2018 15:16:02,2,6,5,6,3,2,6,1,3,1,1,1,1,1,4,2,6,5,2,6,6,6,7,7,7,1,5,5,5,5,5,5,5,5,5,3,1,1,1,6,6,7,0,3,1963,1,1,1
19,2/22/2018 15:11:55,2/22/2018 15:16:02,1,5,6,5,5,4,6,1,1,2,1,2,2,2,4,7,6,7,,5,5,3,5,6,3,9,5,5,5,5,4,4,3,4,5,3,2,3,2,1,1,7,0,2,1993,1,2,1
20,2/22/2018 15:13:31,2/22/2018 15:16:05,1,6,6,6,6,6,6,1,1,1,1,1,1,4,2,6,6,6,,6,6,6,2,2,2,7,5,5,5,5,5,3,3,4,4,3,7,7,7,3,3,7,2,1,1985,3,1,1
21,2/22/2018 15:12:15,2/22/2018 15:16:56,4,7,7,6,7,5,6,1,1,1,1,1,1,5,1,2,1,5,3,6,7,7,7,7,7,1,5,5,5,5,5,5,5,5,5,3,6,6,7,6,5,7,0,2,1985,1,2,1
22,2/22/2018 15:07:45,2/22/2018 15:17:25,3,5,5,5,5,4,5,1,1,1,1,1,1,5,1,7,1,2,2,6,6,7,5,6,6,1,2,1,1,2,2,2,3,2,2,3,6,6,6,7,7,7,1,1,1970,1,2,1
23,2/22/2018 15:10:53,2/22/2018 15:17:29,4,6,6,6,6,5,6,1,1,1,1,1,1,2,2,6,2,2,3,5,5,5,5,5,5,8,2,3,2,3,2,3,4,3,3,3,3,3,2,2,2,7,1,1,1957,1,2,1
24,2/22/2018 15:07:05,2/22/2018 15:17:51,4,5,7,6,5,5,6,1,1,1,1,1,1,4,2,6,1,1,3,6,6,5,5,6,6,9,2,2,2,2,3,3,2,2,3,3,5,6,5,1,1,7,1,1,1983,1,1,1
25,2/22/2018 15:12:01,2/22/2018 15:18:40,3,7,7,7,7,6,7,1,1,1,1,1,1,5,1,7,1,1,2,7,7,7,7,7,7,1,3,3,3,3,3,4,4,4,3,3,7,7,7,7,7,7,0,1,1983,1,2,1
26,2/22/2018 15:10:16,2/22/2018 15:18:41,2,6,6,6,6,6,7,1,1,1,1,1,1,4,2,5,2,3,1,2,3,3,3,3,3,8,4,4,4,4,4,4,4,4,4,3,3,3,3,2,2,7,0,1,1987,3,1,1
27,2/22/2018 15:04:35,2/22/2018 15:18:46,4,6,6,6,6,5,6,1,1,1,1,1,1,4,3,4,3,2,3,6,4,6,5,3,7,1,4,4,3,5,4,3,4,5,2,3,6,5,6,5,6,7,0,1,1990,1,1,1
28,2/22/2018 15:13:33,2/22/2018 15:18:58,3,6,6,6,6,6,6,1,1,1,1,1,1,4,1,2,1,5,2,7,7,7,6,6,6,8,5,5,5,5,5,5,4,5,5,3,3,2,3,2,2,7,0,2,1986,2,1,1
29,2/22/2018 15:12:07,2/22/2018 15:19:25,1,5,4,4,4,4,3,3,4,4,4,3,4,4,2,4,4,4,,2,2,5,3,5,5,2,2,3,2,3,3,4,2,4,3,3,5,5,4,3,2,7,0,1,1985,2,1,1
30,2/22/2018 15:13:32,2/22/2018 15:20:05,2,6,6,6,6,6,7,1,2,2,1,1,2,5,1,7,1,1,2,7,7,7,4,4,4,1,3,3,2,3,2,3,2,4,2,3,6,6,6,7,7,7,0,2,1993,3,1,1
31,2/22/2018 15:11:37,2/22/2018 15:20:25,2,6,6,6,6,6,6,1,6,1,1,1,1,5,2,7,1,1,1,5,5,5,5,5,5,6,3,2,3,2,2,3,3,3,3,3,4,5,5,6,6,7,0,2,1972,1,2,1
32,2/22/2018 15:14:19,2/22/2018 15:20:42,1,5,5,6,6,5,5,2,3,3,2,2,2,3,2,5,4,5,,6,6,5,5,6,6,1,2,3,2,3,4,4,3,4,4,3,5,6,6,6,6,7,0,2,1987,1,1,1
33,2/22/2018 15:12:21,2/22/2018 15:20:49,3,4,4,4,4,4,4,4,4,4,4,4,4,4,2,2,2,2,2,7,7,7,7,7,7,1,3,3,1,1,2,1,5,4,5,3,7,7,7,7,7,7,4,1,1991,1,2,1
34,2/22/2018 15:14:36,2/22/2018 15:21:04,3,4,4,3,4,6,5,5,3,3,5,5,4,3,2,3,5,4,2,4,3,5,3,4,3,4,2,3,2,3,3,2,2,3,4,3,2,3,3,3,4,7,3,1,1993,3,2,1
35,2/22/2018 15:15:13,2/22/2018 15:21:21,1,4,5,4,5,4,5,3,2,3,3,2,2,2,3,6,2,2,,4,3,5,4,4,5,2,3,4,3,3,3,3,4,4,4,3,3,4,3,5,5,7,0,1,1964,1,1,1
36,2/22/2018 15:20:28,2/22/2018 15:22:30,1,6,6,6,6,4,4,1,1,1,2,1,1,5,1,7,1,1,,7,7,7,6,4,7,1,5,5,5,5,5,4,5,4,5,3,6,7,6,6,7,7,0,2,1989,1,2,1
37,2/22/2018 15:13:48,2/22/2018 15:22:47,2,6,6,6,6,5,7,2,1,1,1,1,1,4,2,7,2,7,1,5,5,5,5,5,5,2,5,5,5,5,5,5,5,4,5,3,5,5,5,6,7,7,1,1,1979,1,2,1
38,2/22/2018 15:19:53,2/22/2018 15:22:57,4,7,5,6,5,4,7,1,1,1,1,1,1,1,5,7,1,1,3,7,7,7,7,7,7,2,4,4,4,4,4,3,3,3,3,3,7,7,7,7,7,7,1,1,1984,1,1,1
39,2/22/2018 15:19:03,2/22/2018 15:23:25,3,6,6,6,6,6,5,2,2,2,2,2,2,5,1,4,4,4,2,5,5,5,6,6,6,1,3,2,3,3,2,3,3,4,4,3,4,3,4,5,5,7,0,2,1988,1,2,1
40,2/22/2018 15:16:50,2/22/2018 15:23:36,4,6,6,6,6,5,6,2,1,1,1,1,1,2,4,2,6,6,3,5,5,5,5,5,5,2,3,5,4,3,3,4,4,4,4,3,3,3,3,6,6,7,0,1,1978,3,2,1
41,2/22/2018 15:13:43,2/22/2018 15:23:50,4,6,6,6,6,5,6,1,1,1,3,1,1,5,1,7,1,1,3,7,7,7,7,7,7,1,3,3,3,3,3,4,4,4,4,3,5,5,5,6,6,7,0,2,1953,2,1,1
42,2/22/2018 15:20:59,2/22/2018 15:24:12,2,5,5,6,6,5,7,1,1,1,1,1,1,5,1,7,1,1,1,5,6,3,4,4,4,1,5,5,5,5,5,4,4,5,5,3,5,5,6,6,5,7,0,2,1995,3,2,1
43,2/22/2018 15:20:05,2/22/2018 15:24:19,2,3,5,4,4,6,4,4,6,4,5,5,5,4,3,4,5,5,2,3,4,4,5,5,4,4,4,4,3,3,3,2,3,5,4,3,5,5,3,5,4,7,3,1,1994,3,2,1
44,2/22/2018 15:20:10,2/22/2018 15:24:23,1,5,6,6,6,6,2,3,4,3,2,5,4,5,1,6,2,2,,7,6,7,7,7,6,4,4,5,5,5,4,4,4,5,4,3,2,3,3,7,6,7,0,2,1989,1,1,1
45,2/22/2018 15:16:01,2/22/2018 15:24:27,2,7,7,7,7,5,6,1,1,1,1,1,1,5,1,7,1,7,2,7,7,7,7,7,7,3,5,5,5,5,5,3,5,4,5,3,7,7,7,7,7,7,3,1,1984,3,1,1
46,2/22/2018 15:12:55,2/22/2018 15:24:49,4,7,7,7,6,6,7,1,1,1,4,1,1,5,2,7,1,1,2,7,7,7,6,6,6,4,5,5,5,5,5,5,5,5,5,3,6,6,6,7,7,7,0,2,1966,1,1,1
47,2/22/2018 15:17:39,2/22/2018 15:25:22,2,6,6,6,5,4,6,2,2,2,2,2,2,4,2,6,2,2,1,6,6,6,6,6,6,4,3,3,3,3,2,4,5,4,5,3,6,6,6,6,6,7,0,1,1953,1,1,1
48,2/22/2018 15:20:12,2/22/2018 15:25:29,3,4,4,3,4,4,5,4,1,3,3,4,3,4,2,6,2,3,2,7,7,7,5,4,5,1,3,2,2,4,2,3,5,3,4,3,6,5,5,7,7,7,0,2,1981,2,2,1
49,2/22/2018 15:19:01,2/22/2018 15:26:20,1,6,5,4,4,4,4,2,2,2,2,2,2,2,4,7,1,1,,6,6,6,4,5,6,1,4,3,3,4,3,3,3,4,4,3,3,3,3,7,7,7,0,1,1970,3,2,1
50,2/22/2018 15:24:13,2/22/2018 15:26:49,1,6,5,7,6,5,5,2,1,1,1,2,1,4,1,3,1,1,,4,2,6,5,5,2,2,1,3,2,2,2,4,4,3,3,3,7,6,7,5,5,7,0,2,1987,1,2,1
51,2/22/2018 15:13:34,2/22/2018 15:26:58,4,5,6,6,7,6,7,1,1,1,1,1,1,5,1,7,1,7,3,7,6,7,7,7,7,4,5,5,5,5,5,5,5,5,5,3,7,7,7,6,6,7,5,2,1996,1,1,1
52,2/22/2018 15:16:49,2/22/2018 15:27:11,3,7,7,7,7,7,7,1,1,1,1,1,1,5,1,6,1,2,2,7,7,7,7,7,7,3,3,3,4,3,3,4,5,4,4,3,6,6,5,7,7,7,0,2,1994,1,2,1
53,2/22/2018 15:11:49,2/22/2018 15:27:25,2,6,6,5,6,5,5,1,1,2,1,1,1,4,1,6,2,2,1,5,6,6,5,6,5,4,5,4,5,4,3,5,4,5,4,3,4,3,3,5,6,7,0,1,1990,1,2,1
54,2/22/2018 15:25:35,2/22/2018 15:28:05,1,6,6,6,6,2,6,2,1,2,2,2,2,5,1,7,1,1,,7,7,7,7,7,7,2,2,2,2,2,3,4,5,3,4,3,5,5,5,7,7,7,0,1,1989,1,1,1
55,2/22/2018 15:25:30,2/22/2018 15:30:07,4,6,6,6,7,7,5,3,2,2,3,1,1,3,2,6,3,2,3,5,5,6,6,6,6,8,3,3,2,3,4,3,2,2,4,3,6,6,6,2,2,7,0,2,1990,1,1,1
56,2/22/2018 15:22:58,2/22/2018 15:30:47,4,6,5,5,4,3,5,1,2,2,2,2,2,2,4,2,7,6,3,5,5,5,4,5,4,1,5,5,5,4,3,1,2,2,2,3,6,1,6,7,6,7,1,2,1965,3,2,1
57,2/22/2018 15:24:49,2/22/2018 15:30:49,4,6,5,6,5,4,6,1,1,2,1,1,1,5,1,5,2,3,3,6,7,6,7,7,7,1,2,3,3,2,3,3,4,3,4,3,4,5,5,7,7,7,3,2,1986,1,2,1
58,2/22/2018 15:26:11,2/22/2018 15:31:00,2,6,6,6,4,4,5,3,2,2,3,2,2,4,2,2,5,6,1,4,4,4,5,5,5,5,4,4,3,3,3,4,4,5,4,3,4,4,4,4,4,7,0,1,1990,1,2,1
59,2/22/2018 15:25:56,2/22/2018 15:32:23,3,6,6,6,6,5,6,1,1,1,1,1,1,4,2,5,2,1,3,6,6,6,6,6,6,2,4,3,2,3,3,4,4,4,4,3,6,6,6,6,6,7,2,2,1957,1,2,1
60,2/22/2018 15:30:49,2/22/2018 15:34:25,1,5,6,6,7,6,6,1,1,1,1,1,1,4,2,7,2,1,,6,7,6,5,6,5,2,4,3,3,3,3,4,4,5,4,3,6,7,7,6,6,7,2,2,1979,1,2,1
61,2/22/2018 15:32:22,2/22/2018 15:35:43,4,7,5,5,4,5,5,1,1,3,1,1,2,3,3,4,5,4,1,5,5,4,5,4,3,4,3,4,3,2,2,3,4,4,3,3,4,3,5,4,5,7,5,1,1989,1,1,1
62,2/22/2018 15:24:02,2/22/2018 15:36:25,2,2,4,5,4,4,2,2,3,4,5,4,5,3,3,6,5,4,1,6,5,3,3,5,6,5,3,2,1,2,4,4,1,4,2,3,5,4,2,2,4,7,3,2,1985,1,2,1
63,2/22/2018 15:32:53,2/22/2018 15:36:59,1,6,6,6,6,6,6,2,2,2,2,2,2,2,2,2,4,6,,5,5,6,5,5,5,5,4,4,4,4,4,4,4,4,4,3,5,5,6,5,5,7,2,1,1985,3,2,1
64,2/22/2018 15:31:56,2/22/2018 15:37:21,2,7,6,6,6,5,5,1,1,1,1,1,1,4,2,7,1,1,1,6,6,6,5,5,5,1,3,3,3,3,2,4,4,4,4,3,7,7,7,7,7,7,1,1,1974,1,2,1
65,2/22/2018 15:27:56,2/22/2018 15:37:29,3,4,5,5,4,4,5,1,1,1,1,1,1,3,3,7,1,1,2,4,4,5,4,4,4,6,4,4,4,4,4,3,3,3,3,3,6,6,6,5,5,7,1,1,1982,1,2,1
66,2/22/2018 15:24:35,2/22/2018 15:38:40,3,4,4,4,4,1,4,4,4,4,4,1,1,3,3,6,1,1,1,7,7,7,7,7,7,2,3,3,3,3,3,4,4,4,4,3,7,7,7,7,7,7,5,2,1980,1,2,1
67,2/22/2018 15:33:46,2/22/2018 15:39:49,2,2,3,3,2,2,3,5,5,5,6,2,5,3,4,6,2,2,1,5,5,5,5,5,5,6,3,3,3,3,4,2,3,4,3,3,2,3,3,6,6,7,0,2,1975,1,1,1
68,2/22/2018 15:37:15,2/22/2018 15:40:48,1,5,5,5,5,2,5,2,2,2,2,2,2,4,2,6,3,3,,4,4,4,4,4,4,9,5,5,5,5,5,5,5,5,5,3,5,5,5,2,2,7,0,2,1982,1,2,1
69,2/22/2018 15:34:49,2/22/2018 15:41:23,4,6,6,6,6,5,6,1,1,1,1,1,1,4,1,6,2,2,3,6,6,6,6,6,6,2,4,4,4,4,4,4,4,4,4,3,4,4,5,6,6,7,1,2,1964,1,1,1
70,2/22/2018 15:33:33,2/22/2018 15:44:24,1,7,7,7,7,7,7,1,1,1,1,1,1,1,1,7,1,1,,7,7,7,7,7,7,6,5,5,5,5,5,5,5,5,5,3,7,7,7,5,5,7,6,2,1979,1,2,1
71,2/22/2018 15:33:01,2/22/2018 15:44:44,3,4,5,5,5,3,4,2,2,2,3,1,1,3,2,7,1,1,2,7,7,7,7,7,7,8,3,4,3,4,3,3,3,3,3,3,3,3,3,2,2,7,3,2,1985,1,2,1
72,2/22/2018 15:36:00,2/22/2018 15:45:09,3,5,5,5,5,5,5,2,2,2,2,2,2,3,3,2,2,2,2,5,3,5,5,5,5,8,4,4,4,4,4,3,4,3,4,3,5,5,5,5,5,7,1,2,1987,1,2,1
73,2/22/2018 15:37:18,2/22/2018 15:45:16,2,6,6,5,5,5,5,1,1,1,2,1,1,4,1,6,5,2,1,7,7,7,6,7,7,6,3,5,5,4,5,5,5,4,5,3,6,6,7,6,6,7,0,2,1992,2,2,1
74,2/22/2018 15:42:13,2/22/2018 15:46:04,1,5,5,5,5,3,5,2,1,1,1,1,1,1,2,5,5,3,,6,6,6,6,6,6,8,2,3,3,2,3,4,2,5,2,3,7,7,7,1,1,7,0,1,1963,3,2,1
75,2/22/2018 15:43:36,2/22/2018 15:47:37,3,4,4,4,3,4,3,2,1,1,2,2,1,4,3,5,5,4,2,5,5,5,6,5,5,4,4,3,4,4,4,4,4,4,4,3,5,5,5,7,7,7,1,2,1989,1,2,1
76,2/22/2018 15:39:36,2/22/2018 15:48:22,3,7,6,5,6,6,5,2,2,2,3,2,2,4,3,6,2,5,2,4,6,5,5,5,6,6,4,3,3,4,4,4,4,4,3,3,5,6,6,5,5,7,1,2,1992,1,2,1
77,2/22/2018 15:46:41,2/22/2018 15:49:43,2,6,5,6,6,5,6,1,1,1,1,1,1,4,4,6,5,6,2,6,6,6,6,5,6,4,4,4,4,4,5,4,4,4,4,3,6,6,5,7,7,7,1,2,1993,1,1,1
78,2/22/2018 15:45:07,2/22/2018 15:50:00,1,6,6,6,6,6,6,1,1,1,1,1,1,4,1,5,2,3,,6,6,6,5,5,5,2,4,4,4,4,4,4,4,4,4,3,5,5,5,5,6,7,0,1,1995,1,2,1
79,2/22/2018 15:44:28,2/22/2018 15:50:56,1,2,2,2,2,2,2,5,1,6,6,5,5,5,1,7,1,1,,5,5,5,5,5,4,3,5,5,5,5,5,3,3,4,4,3,5,5,6,5,5,7,0,1,1994,3,2,1
80,2/22/2018 15:46:00,2/22/2018 15:50:58,4,5,6,6,6,4,6,1,1,1,5,1,1,5,1,7,1,1,3,7,7,7,7,7,7,2,3,3,3,3,3,3,3,3,3,3,6,5,5,7,7,7,1,2,1987,1,2,1
81,2/22/2018 15:45:36,2/22/2018 15:51:14,2,7,7,7,7,7,7,1,1,1,1,1,1,4,3,7,1,5,1,7,7,7,7,7,7,1,4,2,2,2,2,3,5,4,3,3,6,6,6,7,7,7,0,1,1983,1,1,1
82,2/22/2018 15:49:32,2/22/2018 15:51:21,1,6,5,5,5,6,5,1,4,3,1,1,2,4,2,3,2,6,,5,5,5,6,6,6,5,4,4,4,4,4,4,4,4,4,3,3,5,5,6,6,7,0,1,1993,2,2,1
83,2/22/2018 15:44:23,2/22/2018 15:51:43,2,6,7,6,6,5,7,1,1,1,1,1,1,4,4,1,2,1,1,6,7,6,7,7,7,2,2,2,2,3,2,4,4,3,4,3,6,6,6,7,7,7,2,1,1984,1,2,1
84,2/22/2018 15:44:37,2/22/2018 15:52:10,4,6,5,6,5,5,6,1,1,1,1,1,1,4,2,7,1,1,3,6,6,6,6,6,6,1,5,4,5,4,4,4,4,4,3,3,5,6,6,6,6,7,0,1,1983,1,2,1
85,2/22/2018 15:41:14,2/22/2018 15:52:29,4,5,4,4,4,4,4,3,2,3,5,2,2,2,4,4,6,5,3,5,6,6,5,6,6,4,5,4,5,4,4,4,4,4,3,3,2,2,2,7,6,7,1,2,1985,1,2,1
86,2/22/2018 15:39:19,2/22/2018 15:52:44,3,6,6,6,6,6,5,2,2,2,2,2,2,4,1,6,2,2,2,6,6,6,6,6,6,7,2,3,2,2,1,3,4,2,5,3,6,6,6,6,6,7,1,1,1954,1,1,1
87,2/22/2018 15:51:35,2/22/2018 15:55:15,3,6,6,6,6,6,6,2,2,2,2,2,2,4,2,2,2,2,2,6,6,6,6,6,6,2,4,4,4,4,4,4,4,4,4,3,5,5,3,6,6,7,0,1,1993,1,1,1
88,2/22/2018 15:46:12,2/22/2018 15:56:02,3,6,6,6,5,5,6,1,1,1,1,1,1,4,1,6,1,2,2,6,6,7,5,6,6,4,2,3,3,2,3,4,3,4,4,3,5,4,5,7,7,7,1,2,1991,1,1,1
89,2/22/2018 15:50:52,2/22/2018 15:56:26,4,6,5,4,4,3,4,1,1,1,1,1,1,4,1,4,2,5,3,6,6,7,6,6,7,1,2,2,2,2,2,2,3,2,3,3,6,6,6,7,7,7,2,2,1987,1,2,1
90,2/22/2018 15:52:14,2/22/2018 15:57:13,1,6,6,6,6,6,2,2,2,2,2,2,3,4,3,7,5,4,,5,5,6,4,4,5,2,4,4,5,4,3,4,4,3,3,3,5,5,5,6,6,7,1,1,1986,1,1,1
91,2/22/2018 15:53:03,2/22/2018 15:57:28,2,6,6,6,6,6,6,1,1,1,1,1,1,5,1,1,2,1,2,6,6,6,6,6,6,2,4,4,4,4,3,4,4,3,4,3,6,6,6,6,6,7,0,1,1977,1,2,1
92,2/22/2018 15:54:01,2/22/2018 15:58:32,1,4,4,3,4,4,3,5,5,5,5,5,4,1,5,1,7,7,,1,1,1,5,5,1,5,2,2,2,2,2,1,2,2,2,3,2,2,6,7,7,7,0,2,1994,1,2,1
93,2/22/2018 15:45:07,2/22/2018 15:58:33,3,7,7,7,7,7,7,1,1,1,1,1,1,5,1,7,1,1,2,7,7,7,5,5,4,3,4,4,4,4,4,4,3,4,4,3,2,3,7,4,4,7,0,2,1967,1,2,1
94,2/22/2018 15:57:37,2/22/2018 15:59:21,1,6,6,6,6,6,6,1,1,1,2,1,1,4,1,6,1,1,,6,6,6,6,6,6,1,5,5,5,5,5,4,4,4,4,4,4,6,6,7,6,7,0,2,1984,1,2,1
95,2/22/2018 15:51:20,2/22/2018 16:00:30,4,5,5,5,5,5,4,2,2,2,2,2,2,4,2,2,2,5,3,5,5,5,5,5,5,2,3,3,3,4,3,3,2,2,3,3,4,4,5,4,4,7,2,2,1996,3,1,1
96,2/22/2018 15:53:28,2/22/2018 16:01:10,4,6,6,6,6,6,6,1,1,1,1,1,1,4,1,6,1,2,3,6,6,6,6,6,6,2,3,3,3,3,3,4,4,4,4,3,6,5,6,6,6,7,0,1,1982,3,2,1
97,2/22/2018 15:59:47,2/22/2018 16:01:40,1,5,5,4,5,5,4,4,4,4,5,4,4,4,4,5,5,5,,5,5,5,5,5,5,2,4,3,3,4,3,3,3,3,4,3,5,5,5,5,5,7,1,1,1990,3,2,1
98,2/22/2018 15:56:01,2/22/2018 16:02:01,2,4,5,5,5,4,5,2,1,1,1,1,1,4,2,5,2,4,1,6,6,6,6,6,6,1,4,4,4,4,4,3,5,4,3,3,7,7,7,5,7,7,1,1,1980,1,2,1
99,2/22/2018 15:57:34,2/22/2018 16:03:06,2,5,5,5,4,4,5,1,1,1,1,1,1,2,4,4,7,1,1,7,7,7,2,2,1,2,3,2,2,3,3,3,3,4,4,3,7,7,7,6,6,7,1,2,1949,3,1,1
100,2/22/2018 15:56:47,2/22/2018 16:05:43,3,7,7,6,7,5,6,1,1,1,1,1,1,4,1,7,1,1,2,5,6,6,5,5,5,5,4,3,3,3,3,4,3,4,3,3,6,6,5,5,6,7,0,2,1975,1,1,1
101,2/22/2018 16:01:04,2/22/2018 16:05:43,1,6,6,6,6,4,5,1,1,1,1,1,1,1,5,4,7,5,,6,5,4,6,5,4,3,5,5,5,5,5,3,5,4,4,3,2,2,3,5,5,7,0,2,1962,1,1,1
102,2/22/2018 15:58:38,2/22/2018 16:06:23,3,3,4,3,3,1,4,1,1,1,1,1,1,2,3,5,5,4,2,5,6,5,4,3,4,6,2,1,1,2,1,4,4,3,4,3,5,5,5,5,5,7,0,1,1965,1,2,1
103,2/22/2018 16:04:40,2/22/2018 16:08:12,2,5,5,4,4,4,4,1,1,1,1,1,1,4,2,1,1,1,2,7,7,7,7,7,7,1,5,5,5,5,5,4,4,4,4,3,4,5,5,6,6,7,0,2,1988,1,2,1
104,2/22/2018 16:00:45,2/22/2018 16:08:50,4,5,5,5,3,3,5,2,2,2,2,5,2,4,2,5,2,6,3,6,6,6,6,6,6,4,4,4,4,4,3,3,4,3,4,3,7,7,7,6,6,7,0,2,1975,1,1,1
105,2/22/2018 16:00:52,2/22/2018 16:09:06,3,5,5,5,6,5,4,1,2,2,1,2,2,2,3,7,1,1,2,6,6,6,6,6,6,8,4,4,3,3,3,4,5,4,5,3,5,5,6,7,7,7,2,2,1976,3,2,1
106,2/22/2018 15:58:11,2/22/2018 16:10:05,4,6,6,7,5,5,5,1,1,1,1,1,1,4,2,3,5,5,3,6,5,5,5,5,5,6,4,3,3,4,4,5,5,5,5,3,1,1,1,5,5,7,0,2,1980,1,1,1
107,2/22/2018 16:02:47,2/22/2018 16:10:49,4,6,6,7,7,7,7,1,1,1,1,1,1,5,1,1,1,1,3,7,6,7,6,7,6,4,3,3,3,2,2,4,5,4,4,3,7,7,7,7,7,7,0,1,1986,1,1,1
108,2/22/2018 16:07:16,2/22/2018 16:11:09,1,2,2,2,2,1,2,1,2,1,1,1,1,3,3,3,5,5,,6,5,6,6,6,6,3,2,3,2,3,2,2,2,2,2,3,5,5,4,5,5,7,0,2,1989,1,1,1
109,2/22/2018 16:07:52,2/22/2018 16:13:28,2,7,7,7,7,7,7,1,1,1,1,1,1,5,1,7,2,2,1,7,7,7,7,7,7,1,2,2,4,2,3,3,4,4,4,3,7,7,7,7,7,7,1,1,1983,1,2,1
110,2/22/2018 16:07:27,2/22/2018 16:13:50,3,7,6,7,7,7,5,1,1,1,1,1,1,3,1,7,1,3,2,7,7,7,5,5,6,4,3,4,3,4,3,4,5,3,4,3,5,5,6,7,7,7,0,1,1983,1,2,1
111,2/22/2018 16:06:37,2/22/2018 16:14:03,3,7,7,7,7,7,7,1,1,1,1,1,1,4,2,7,1,1,2,6,6,6,6,6,6,3,3,4,3,4,2,2,4,5,5,3,5,6,5,6,7,7,6,1,1987,1,1,1
112,2/22/2018 16:07:09,2/22/2018 16:14:29,1,5,4,4,4,4,2,4,3,4,7,5,2,4,2,4,2,4,,7,7,7,7,7,7,2,4,4,4,4,4,4,4,4,4,3,6,3,5,7,7,7,0,2,1987,1,1,1
113,2/22/2018 16:11:55,2/22/2018 16:15:40,4,6,5,7,6,5,5,2,1,1,1,1,1,3,1,6,5,6,3,6,6,5,4,4,5,4,4,4,4,3,4,3,3,2,2,3,3,5,3,5,6,7,1,1,1993,1,1,1
114,2/22/2018 16:10:28,2/22/2018 16:16:01,1,5,5,5,5,5,5,2,2,5,2,2,2,4,2,5,3,2,,6,6,6,5,5,5,4,4,4,4,4,4,4,3,4,3,3,5,5,5,6,6,7,0,1,1983,1,1,1
115,2/22/2018 16:09:52,2/22/2018 16:16:26,4,5,5,6,4,5,6,3,1,2,2,2,1,3,4,2,5,7,2,6,6,6,5,4,5,6,4,4,3,4,3,4,2,4,3,3,5,6,6,6,4,7,1,2,1987,2,1,1
116,2/22/2018 16:08:01,2/22/2018 16:16:41,4,6,6,5,5,4,5,1,1,1,1,1,1,3,2,6,1,5,3,6,7,7,6,6,6,1,4,5,4,3,4,4,5,3,5,3,5,5,5,6,6,7,0,2,1982,1,1,1
117,2/22/2018 16:14:31,2/22/2018 16:16:48,1,5,5,6,5,1,7,1,1,1,1,1,1,4,1,6,1,1,,6,6,6,6,6,6,4,1,1,1,2,1,2,4,2,2,3,6,7,6,6,6,7,0,1,1984,1,2,1
118,2/22/2018 16:12:49,2/22/2018 16:17:41,3,6,6,7,5,5,5,1,1,1,1,1,1,5,2,7,2,4,2,6,6,6,5,6,6,6,3,3,3,3,3,2,4,3,2,3,6,6,6,3,3,7,1,1,1969,1,2,1
119,2/22/2018 16:13:35,2/22/2018 16:19:53,1,6,6,6,6,6,6,1,1,1,1,1,1,4,2,7,1,1,,6,6,6,6,6,6,6,3,3,3,3,4,2,2,2,3,3,6,6,6,5,5,7,0,1,1965,1,2,1
120,2/22/2018 16:17:31,2/22/2018 16:21:45,1,4,5,5,4,5,6,3,3,2,3,2,3,4,3,7,2,1,,2,5,6,6,6,6,3,5,5,5,5,5,5,5,5,5,3,6,7,7,5,6,7,0,2,1991,1,2,1
121,2/22/2018 16:18:25,2/22/2018 16:25:22,4,5,6,6,5,5,5,1,1,1,1,1,1,2,4,2,5,6,3,6,6,6,5,5,4,2,3,4,4,3,3,3,4,2,3,3,5,4,5,6,6,7,1,2,1973,3,2,1
122,2/22/2018 16:16:53,2/22/2018 16:26:11,4,1,3,4,1,1,2,6,7,5,7,1,4,1,5,4,1,7,3,5,5,7,6,4,6,1,3,3,2,2,2,1,2,3,2,3,7,7,7,7,7,7,0,2,1965,1,2,1
123,2/22/2018 16:22:27,2/22/2018 16:26:13,1,5,5,5,5,5,5,4,4,4,4,1,4,2,4,1,7,7,,7,7,7,7,7,7,1,5,4,4,4,3,5,5,5,5,3,4,3,2,7,7,7,0,2,1981,1,1,1
124,2/22/2018 16:22:04,2/22/2018 16:27:05,2,6,6,6,6,6,6,2,2,2,2,2,2,5,1,7,1,6,1,6,6,6,6,6,6,1,5,5,5,5,5,5,5,5,5,3,5,5,6,7,7,7,0,2,1983,1,2,1
125,2/22/2018 16:14:54,2/22/2018 16:27:09,3,5,5,6,3,1,6,1,1,1,1,1,1,4,2,5,2,2,3,6,6,6,6,6,6,8,1,1,2,1,1,4,5,4,4,3,6,5,6,2,2,7,1,1,1951,1,1,1
126,2/22/2018 16:21:42,2/22/2018 16:27:13,2,5,4,4,4,3,4,3,1,3,2,2,1,4,3,7,3,5,1,4,3,5,5,5,5,8,5,4,4,5,4,4,3,4,4,3,5,5,5,3,2,7,0,2,1972,1,2,1
127,2/22/2018 16:26:07,2/22/2018 16:29:09,1,5,5,5,5,5,5,2,1,1,2,1,1,4,2,7,3,3,,5,5,5,5,5,5,2,4,4,4,4,4,3,3,3,3,3,5,5,5,4,4,7,0,2,1967,1,2,1
128,2/22/2018 16:25:45,2/22/2018 16:29:30,4,4,4,4,4,4,4,4,4,4,4,1,1,3,3,3,5,5,3,5,5,5,4,4,4,1,5,5,5,5,5,4,5,5,4,3,4,4,4,7,7,7,0,2,1986,3,2,1
129,2/22/2018 16:08:26,2/22/2018 16:29:52,3,3,4,4,2,4,5,7,2,4,3,5,5,2,4,3,5,5,2,5,3,5,4,6,6,2,3,3,3,5,3,3,2,2,4,3,2,4,6,3,3,7,2,1,1987,3,2,1
130,2/22/2018 16:12:09,2/22/2018 16:32:50,2,6,7,6,6,5,6,1,1,1,1,1,1,4,1,3,5,6,1,6,6,6,6,7,6,2,5,5,5,5,5,5,4,4,5,3,4,4,3,6,6,7,0,2,1993,3,2,1
131,2/22/2018 16:28:10,2/22/2018 16:33:11,3,5,6,6,5,5,5,2,1,2,1,1,1,5,1,7,1,1,2,3,5,5,2,2,4,8,3,4,4,3,4,3,3,2,3,3,7,6,6,3,4,7,0,2,1995,1,2,1
132,2/22/2018 16:24:06,2/22/2018 16:33:16,4,6,6,6,6,3,6,2,2,2,2,2,2,2,4,4,5,5,3,5,5,5,5,5,5,8,4,4,4,4,4,4,4,4,4,3,3,4,3,2,2,7,0,1,1979,3,1,1
133,2/22/2018 16:32:44,2/22/2018 16:35:56,1,7,7,7,6,4,7,1,1,1,1,1,1,3,1,7,2,1,,6,6,6,5,5,5,7,2,2,2,1,1,1,1,1,1,3,7,7,7,5,5,7,1,1,1992,1,1,1
134,2/22/2018 16:28:55,2/22/2018 16:37:28,3,7,6,7,6,5,6,1,1,1,1,1,1,5,1,1,1,1,2,7,7,7,7,7,7,1,3,2,2,2,2,3,4,3,3,3,6,6,6,7,6,7,0,2,1956,1,2,1
135,2/22/2018 16:35:11,2/22/2018 16:38:31,1,5,5,5,5,3,5,1,1,3,1,1,1,4,2,6,2,2,,6,6,6,6,6,6,1,3,3,3,3,3,2,4,4,2,3,6,6,2,6,6,7,0,2,1965,1,2,1
136,2/22/2018 16:32:09,2/22/2018 16:39:32,2,4,4,4,4,4,6,4,4,4,4,4,4,3,3,6,4,4,1,4,4,4,4,4,4,3,5,5,5,5,5,4,4,4,3,3,6,6,6,5,4,7,0,1,1974,1,2,1
137,2/22/2018 16:17:49,2/22/2018 16:39:44,3,7,7,7,7,7,7,1,1,1,1,1,1,5,1,7,1,1,2,7,7,7,7,7,7,2,5,4,5,4,4,5,5,5,5,3,7,7,7,7,7,7,1,2,1961,1,2,1
138,2/22/2018 16:35:40,2/22/2018 16:40:13,3,6,6,6,6,6,6,1,1,1,1,1,1,4,1,6,1,1,2,5,5,6,2,2,4,2,4,3,4,4,3,4,3,3,3,3,3,3,3,6,6,7,0,2,1979,3,2,1
139,2/22/2018 16:33:09,2/22/2018 16:40:37,4,7,6,7,6,4,6,1,1,1,1,1,1,4,2,7,2,2,3,7,7,7,7,7,7,1,5,5,5,3,4,3,4,5,3,3,7,7,7,6,6,7,1,2,1959,3,2,1
140,2/22/2018 16:36:42,2/22/2018 16:41:57,1,7,7,7,7,5,7,1,1,1,1,1,1,4,2,7,2,3,,7,7,7,7,7,7,7,3,3,3,3,3,3,3,3,3,3,7,7,7,3,3,7,0,1,1979,1,2,1
141,2/22/2018 16:36:22,2/22/2018 16:42:30,4,4,5,5,5,4,5,4,3,4,6,4,4,4,2,6,5,2,3,5,5,6,5,5,6,1,5,5,5,5,5,5,5,5,5,3,4,6,5,7,5,7,0,1,1974,1,1,1
142,2/22/2018 16:39:00,2/22/2018 16:44:32,3,3,5,3,5,4,6,3,4,1,2,1,2,3,2,4,2,2,2,5,5,4,4,3,5,6,3,4,3,3,4,3,2,4,4,3,4,3,4,4,3,7,1,1,1990,3,1,1
143,2/22/2018 16:26:03,2/22/2018 16:45:58,2,7,7,6,7,4,6,1,1,1,1,1,1,4,2,2,5,7,1,7,6,7,7,7,7,1,3,3,3,2,2,5,5,5,4,3,5,5,4,7,7,7,0,2,1988,1,2,1
144,2/22/2018 16:42:54,2/22/2018 16:47:08,1,2,3,2,2,2,2,5,5,5,2,2,2,4,2,6,2,3,,6,6,5,5,5,5,8,2,2,2,2,2,3,4,3,3,3,6,6,6,3,3,7,1,2,1995,1,2,1
145,2/22/2018 16:39:10,2/22/2018 16:50:59,2,6,6,6,6,6,6,1,1,1,1,1,1,4,2,1,1,1,1,6,6,7,6,6,7,2,2,3,2,2,2,3,4,3,4,3,6,6,6,7,7,7,0,2,1988,2,1,1
146,2/22/2018 16:43:08,2/22/2018 16:51:06,4,7,7,7,7,7,7,1,1,1,1,1,1,4,2,6,2,2,3,7,7,7,7,7,7,4,5,5,5,5,5,5,5,5,5,3,6,6,6,7,7,7,0,2,1982,1,2,1
147,2/22/2018 16:44:24,2/22/2018 16:52:01,2,5,6,5,5,4,6,2,2,2,1,1,1,5,2,1,3,4,1,6,5,6,2,3,3,9,4,4,5,5,5,5,5,4,5,3,2,1,2,1,1,7,0,1,1989,3,1,1
148,2/22/2018 16:45:30,2/22/2018 16:52:08,1,7,7,7,7,7,7,1,1,1,1,1,1,3,3,1,1,1,,7,7,7,7,7,7,1,3,3,3,5,5,5,5,5,5,3,7,7,7,7,7,7,6,2,1982,1,2,1
149,2/22/2018 16:51:52,2/22/2018 16:55:45,2,6,6,6,6,5,7,1,1,1,1,1,1,5,1,7,1,1,1,5,5,5,4,4,4,2,5,5,5,5,5,5,4,5,5,3,7,7,7,6,6,7,0,2,1977,3,2,1
150,2/22/2018 16:50:42,2/22/2018 16:55:57,1,7,7,7,7,7,7,1,1,1,1,1,1,4,1,5,5,5,,5,5,6,5,5,6,1,4,3,3,3,3,4,3,4,4,3,3,3,3,5,5,7,2,1,1990,1,2,1
151,2/22/2018 16:46:33,2/22/2018 16:56:15,3,7,6,6,6,6,6,1,2,1,1,2,1,5,3,5,2,5,2,5,5,5,3,4,4,2,4,4,4,4,4,4,4,4,4,3,3,4,3,3,4,7,0,1,1994,1,2,1
152,2/22/2018 16:49:21,2/22/2018 16:56:25,2,7,7,7,6,6,7,1,1,1,1,1,1,5,1,7,1,1,1,7,7,7,6,6,6,9,4,5,5,3,5,5,5,5,5,3,7,7,7,1,1,7,0,2,1979,1,2,1
153,2/22/2018 16:45:46,2/22/2018 16:57:33,2,7,5,6,6,7,5,1,1,1,1,1,1,4,1,7,2,1,1,2,5,7,4,5,7,1,4,4,4,4,4,4,4,4,5,3,5,5,6,7,6,7,0,2,1985,1,2,1
154,2/22/2018 16:52:45,2/22/2018 16:59:24,3,5,5,4,4,4,4,2,2,2,1,1,2,3,2,5,5,4,2,5,6,5,5,5,5,2,3,2,3,3,4,4,5,4,5,3,6,6,6,5,5,7,0,2,1980,1,2,1
155,2/22/2018 16:47:27,2/22/2018 17:01:24,1,6,6,6,6,6,6,1,1,1,1,1,1,3,3,5,5,5,,6,6,6,6,6,6,2,3,3,2,2,2,2,2,1,2,3,6,6,6,6,6,7,1,2,1988,1,1,1
156,2/22/2018 16:57:16,2/22/2018 17:02:41,3,6,6,6,6,5,5,1,1,1,1,1,1,4,2,6,2,1,2,6,6,7,6,6,6,1,3,2,2,3,2,4,4,3,3,3,6,6,6,6,6,7,0,2,1977,1,1,1
157,2/22/2018 17:02:40,2/22/2018 17:07:42,1,5,7,6,6,5,7,1,1,1,1,1,1,2,4,3,5,6,,6,6,6,6,6,6,4,5,5,5,5,5,5,1,1,1,3,7,7,7,7,7,7,0,2,1973,3,2,1
158,2/22/2018 17:03:16,2/22/2018 17:09:33,4,6,6,5,5,5,6,1,1,1,5,1,1,5,1,7,1,1,3,7,7,7,7,7,7,1,5,5,5,5,5,5,5,5,5,3,5,5,5,7,7,7,0,2,1958,1,1,1
159,2/22/2018 17:04:24,2/22/2018 17:10:03,2,3,3,2,4,1,3,5,5,5,2,1,5,1,4,7,2,2,1,6,6,6,2,2,4,5,2,3,3,2,2,1,1,3,2,3,7,7,7,5,6,7,0,2,1984,3,2,1
160,2/22/2018 16:55:25,2/22/2018 17:10:56,4,7,7,6,7,7,7,1,1,1,1,1,1,5,1,2,3,1,3,7,7,7,7,7,7,7,2,1,3,2,2,2,4,1,5,2,7,7,7,7,7,7,1,2,1952,1,1,1
161,2/22/2018 17:04:40,2/22/2018 17:11:35,4,6,7,7,7,6,7,1,1,1,1,1,1,5,1,6,2,2,3,7,7,7,7,7,7,1,3,3,3,3,3,5,5,5,5,3,7,7,7,7,7,7,1,2,1985,3,2,1
162,2/22/2018 17:05:30,2/22/2018 17:13:25,2,6,6,6,4,5,5,1,2,2,2,1,1,5,1,3,3,2,2,7,7,5,6,6,5,1,5,4,4,4,5,4,4,4,5,3,3,3,3,7,7,7,2,2,1988,1,2,1
163,2/22/2018 17:08:31,2/22/2018 17:17:04,1,5,5,3,5,5,5,2,1,3,5,4,2,3,2,3,2,5,,1,5,5,3,2,2,1,5,5,5,3,3,3,5,3,4,3,1,3,1,6,6,7,1,2,1983,3,1,1
164,2/22/2018 17:10:34,2/22/2018 17:17:40,3,4,4,3,4,4,4,4,4,5,4,4,4,3,3,4,2,4,2,5,5,5,4,4,4,4,3,3,3,3,3,3,3,3,4,3,5,5,5,6,6,7,0,2,1993,1,1,1
165,2/22/2018 17:18:00,2/22/2018 17:24:39,4,6,6,7,7,5,5,1,1,1,1,1,1,4,3,6,3,2,3,4,4,5,3,4,5,6,2,2,2,3,3,1,2,1,2,3,5,5,5,6,5,7,0,1,1989,1,2,1
166,2/22/2018 17:18:21,2/22/2018 17:24:55,2,7,7,7,7,7,7,1,1,1,1,1,1,4,1,7,2,2,1,7,7,7,6,5,5,2,4,4,4,4,4,4,4,4,4,3,2,2,4,5,5,7,0,1,1981,3,2,1
167,2/22/2018 17:23:24,2/22/2018 17:26:33,2,6,6,5,6,6,5,2,2,2,2,2,2,4,1,3,2,5,1,6,6,6,6,6,6,1,4,4,4,4,4,3,3,3,3,3,6,6,6,6,6,7,3,1,1988,1,1,1
168,2/22/2018 17:21:32,2/22/2018 17:27:37,1,6,6,6,6,5,7,4,3,2,4,1,3,3,4,2,3,7,,2,5,2,2,2,1,8,5,5,5,5,5,5,1,5,5,3,5,2,5,2,2,7,0,2,1993,3,2,1
169,2/22/2018 17:25:19,2/22/2018 17:30:20,4,7,7,7,7,7,6,1,1,1,1,1,1,4,1,5,1,5,3,7,7,7,7,7,7,2,4,4,4,4,4,4,4,2,4,3,6,6,6,7,7,7,0,2,1993,1,2,1
170,2/22/2018 17:27:20,2/22/2018 17:31:26,1,6,7,6,7,7,7,1,2,1,1,4,6,4,5,6,6,6,,6,6,6,6,6,6,7,5,5,5,5,5,4,4,5,4,3,6,6,6,6,6,7,1,1,1994,1,2,1
171,2/22/2018 17:27:48,2/22/2018 17:31:32,1,5,5,5,4,5,5,2,2,2,2,2,1,4,4,7,1,1,,5,5,5,5,5,5,8,4,4,4,4,4,4,4,5,4,3,5,5,5,3,2,7,0,1,1992,1,2,1
172,2/22/2018 17:25:23,2/22/2018 17:32:29,4,3,2,3,3,3,3,5,5,6,6,3,5,2,4,6,4,7,3,2,2,3,2,2,2,9,5,5,5,5,5,5,3,4,5,3,3,3,3,2,2,7,0,2,1979,1,2,1
173,2/22/2018 17:25:35,2/22/2018 17:32:33,2,6,6,6,6,5,6,1,1,1,1,1,1,4,1,6,1,4,1,5,5,5,5,5,5,5,5,5,5,5,5,5,5,5,5,3,5,5,5,5,5,7,0,2,1989,1,1,1
174,2/22/2018 17:23:12,2/22/2018 17:32:46,3,7,7,7,7,7,7,1,1,1,1,1,1,1,5,1,6,7,2,5,5,5,2,2,2,8,3,3,3,3,3,2,2,3,2,3,3,3,3,6,6,7,4,1,1968,3,1,1
175,2/22/2018 17:27:25,2/22/2018 17:35:20,3,6,6,5,6,4,6,2,2,2,2,2,1,4,3,7,5,2,2,7,7,7,7,7,7,1,3,3,3,3,2,3,4,4,4,3,5,5,5,7,7,7,0,2,1975,1,2,1
176,2/22/2018 17:32:51,2/22/2018 17:38:47,4,5,5,5,5,5,5,1,1,1,1,1,1,4,1,7,1,1,3,6,6,6,6,6,6,2,2,3,3,3,3,2,4,2,3,3,6,6,6,6,6,7,0,2,1984,4,2,1
177,2/22/2018 17:32:47,2/22/2018 17:40:07,2,6,6,6,6,6,6,1,1,1,1,1,1,3,3,2,4,3,1,5,6,6,4,6,6,1,3,2,2,1,2,3,3,4,4,3,3,4,3,5,4,7,0,1,1973,1,1,1
178,2/22/2018 17:35:06,2/22/2018 17:40:41,2,5,5,5,5,5,5,1,1,1,1,1,1,4,4,6,1,1,1,5,5,5,5,5,5,2,2,2,2,2,2,4,3,4,4,3,5,5,6,5,4,7,2,1,1992,3,2,1
179,2/22/2018 17:35:41,2/22/2018 17:40:55,1,6,6,7,6,5,4,2,1,1,1,1,1,4,2,6,2,2,,6,6,6,6,6,6,3,4,3,4,3,3,5,5,4,4,3,7,7,7,4,5,7,0,2,1973,3,2,1
180,2/22/2018 17:35:44,2/22/2018 17:41:31,3,3,3,3,3,3,4,5,5,5,5,4,5,1,5,7,7,7,1,2,2,2,1,1,1,4,5,5,5,4,4,2,2,3,2,3,1,1,1,3,2,7,0,2,1988,3,2,1
181,2/22/2018 17:37:00,2/22/2018 17:41:39,4,6,6,6,6,5,5,1,2,2,1,1,1,4,2,6,2,2,3,5,5,5,5,5,5,2,2,3,3,3,2,2,2,2,3,3,4,5,5,6,6,7,0,2,1982,3,2,1
182,2/22/2018 17:18:57,2/22/2018 17:43:24,1,6,6,6,6,6,6,1,1,1,1,1,1,5,1,1,1,1,,7,7,7,7,7,7,3,2,3,2,3,3,3,3,3,3,3,5,5,5,7,7,7,1,2,1970,1,2,1
183,2/22/2018 17:43:59,2/22/2018 17:47:10,1,6,7,6,6,7,5,1,1,1,1,1,1,4,2,3,4,7,,7,7,7,3,2,2,9,5,5,5,5,5,4,5,4,3,3,7,7,7,1,1,7,0,2,1987,3,2,1
184,2/22/2018 17:40:12,2/22/2018 17:47:24,3,6,6,7,6,6,7,1,1,1,1,1,1,4,1,4,5,5,2,6,7,6,5,5,5,2,3,5,3,4,4,4,4,3,3,3,5,5,6,7,6,7,1,2,1988,1,2,1
185,2/22/2018 17:33:46,2/22/2018 17:49:59,3,7,6,6,6,6,6,1,1,1,1,1,1,5,1,6,2,4,2,7,7,7,6,6,6,6,2,2,3,2,4,5,5,5,5,3,7,7,5,2,7,7,0,2,1962,3,2,1
186,2/22/2018 17:49:18,2/22/2018 17:52:32,1,6,6,6,7,5,7,1,1,1,1,1,1,4,1,7,1,1,,7,6,7,6,5,5,1,1,2,3,3,1,4,3,3,4,3,7,7,7,7,7,7,1,1,1986,3,2,1
187,2/22/2018 17:49:39,2/22/2018 17:52:53,4,5,6,5,4,5,5,2,1,1,2,2,2,5,1,6,1,3,2,6,6,6,6,6,6,3,4,4,4,4,4,3,4,4,4,3,5,5,5,6,6,7,0,1,1984,3,1,1
188,2/22/2018 17:48:44,2/22/2018 17:54:46,2,5,6,6,5,5,6,4,6,5,5,4,2,3,5,5,1,6,3,4,3,6,6,4,3,4,2,3,5,4,4,5,4,5,4,3,6,6,6,4,5,7,4,2,1987,2,1,1
189,2/22/2018 17:44:15,2/22/2018 17:55:05,2,6,7,7,6,5,7,1,1,1,1,1,1,4,3,7,1,1,1,6,5,7,5,5,5,1,3,3,3,3,3,4,4,4,4,3,7,7,7,7,7,7,1,1,1988,1,1,1
190,2/22/2018 17:57:39,2/22/2018 18:01:13,1,6,6,6,6,6,6,1,1,1,1,1,1,4,2,2,2,2,,6,6,6,6,6,6,7,2,2,2,3,3,5,5,5,5,3,6,6,6,6,6,7,0,2,1948,1,1,1
191,2/22/2018 17:58:00,2/22/2018 18:02:31,2,4,4,1,2,1,4,1,1,1,1,1,1,1,3,5,4,4,1,1,2,2,2,2,2,8,5,5,5,5,5,5,5,5,5,3,6,6,6,1,1,7,0,2,1990,1,2,1
192,2/22/2018 17:57:51,2/22/2018 18:03:28,2,5,5,5,5,2,5,2,2,2,2,2,2,4,2,6,5,4,1,5,5,5,5,5,5,3,4,4,4,4,4,4,4,4,4,3,5,5,5,6,6,7,2,2,1976,3,2,1
193,2/22/2018 17:58:55,2/22/2018 18:04:30,4,7,6,6,6,6,7,1,1,1,1,1,1,4,2,7,2,2,3,6,6,6,6,6,6,1,2,2,2,2,2,2,4,3,3,3,6,6,6,7,7,7,0,2,1977,1,2,1
194,2/22/2018 18:02:11,2/22/2018 18:05:26,3,6,6,6,6,3,7,1,1,1,1,1,1,5,1,7,1,1,1,6,6,6,2,2,2,1,3,4,4,4,4,5,5,5,5,3,7,7,7,7,7,7,0,2,1982,1,1,1
195,2/22/2018 17:57:12,2/22/2018 18:05:56,3,5,4,4,5,4,5,1,1,2,4,1,1,4,1,3,3,5,2,4,4,5,4,5,5,8,3,4,3,4,3,4,4,4,4,3,5,5,6,5,5,7,1,1,1990,1,1,1
196,2/22/2018 17:57:44,2/22/2018 18:06:04,4,6,6,6,5,4,6,1,1,2,1,2,1,4,1,6,3,2,3,7,6,6,6,6,7,7,2,3,3,3,2,4,4,5,4,3,7,6,6,5,5,7,1,2,1972,1,1,1
197,2/22/2018 18:00:08,2/22/2018 18:06:10,2,7,7,7,7,7,7,1,1,1,1,1,1,5,1,7,1,1,1,7,7,7,7,7,7,1,2,4,4,4,4,5,5,4,4,3,6,6,6,7,7,7,0,2,1992,1,1,1
198,2/22/2018 18:03:42,2/22/2018 18:07:10,4,5,5,5,5,1,5,1,1,1,1,1,1,4,2,6,2,2,2,6,6,6,6,6,6,2,3,3,3,3,3,4,5,4,5,3,7,7,7,7,7,7,1,1,1984,1,1,1
199,2/22/2018 18:00:18,2/22/2018 18:08:03,1,6,6,6,5,5,5,2,2,2,2,2,2,2,2,5,6,7,,6,6,6,6,7,7,4,3,4,4,3,3,4,3,4,4,3,3,3,2,6,6,7,0,2,1970,1,2,1
200,2/22/2018 18:03:31,2/22/2018 18:09:26,1,5,7,6,7,5,6,3,3,3,4,4,2,5,1,5,1,2,,7,7,7,6,7,7,1,4,4,4,4,4,4,4,4,3,3,6,6,6,7,7,7,0,1,1979,1,1,1
201,2/22/2018 18:08:58,2/22/2018 18:11:32,1,5,5,4,5,5,4,4,2,1,2,1,1,4,3,5,5,3,,5,5,4,5,4,5,6,4,3,2,3,3,3,4,4,3,3,4,5,6,5,6,7,2,1,1991,1,2,1
202,2/22/2018 18:05:48,2/22/2018 18:14:07,2,6,5,4,7,6,4,3,1,1,1,1,1,4,3,7,5,1,1,7,5,7,5,4,4,4,2,1,2,2,3,3,3,4,3,3,7,7,7,7,7,7,1,2,1957,3,2,1
203,2/22/2018 18:06:37,2/22/2018 18:17:19,4,6,5,5,3,5,4,1,1,3,4,2,1,5,1,7,1,1,3,7,7,7,7,7,7,5,2,2,3,2,3,5,5,4,5,3,7,6,7,7,7,7,0,2,1949,1,1,1
204,2/22/2018 18:13:19,2/22/2018 18:18:18,3,6,6,6,6,6,6,2,2,2,2,2,2,3,2,6,3,3,2,5,5,6,6,6,6,5,3,4,3,2,4,3,4,3,5,3,6,6,6,5,6,7,1,2,1972,3,2,1
205,2/22/2018 18:15:54,2/22/2018 18:19:21,1,6,6,6,6,6,6,1,1,1,1,1,1,5,1,7,1,1,,7,6,7,6,6,7,1,2,2,2,2,2,4,4,4,3,3,5,5,5,7,7,7,0,2,1980,1,1,1
206,2/22/2018 18:18:02,2/22/2018 18:23:34,4,5,6,6,6,4,6,2,2,3,3,2,3,4,2,5,3,2,3,6,6,6,6,6,6,1,4,4,4,4,4,4,4,4,4,3,4,4,4,6,6,7,0,2,1987,1,1,1
207,2/22/2018 18:17:46,2/22/2018 18:25:05,1,7,6,6,6,5,5,1,1,1,1,2,1,5,2,7,2,2,,5,6,5,7,6,6,1,3,4,2,3,4,3,3,4,4,3,7,6,6,7,7,7,0,1,1991,1,1,1
208,2/22/2018 18:22:30,2/22/2018 18:26:24,1,7,7,7,7,7,7,1,1,1,1,1,1,5,2,3,3,4,,6,7,6,5,4,6,1,5,5,5,5,5,4,5,5,4,3,6,7,6,7,7,7,4,1,1971,1,2,1
209,2/22/2018 18:21:03,2/22/2018 18:28:00,2,2,1,1,1,1,1,6,6,5,1,1,5,3,4,1,7,7,1,3,3,3,3,3,3,9,4,4,4,4,4,4,4,4,4,3,4,4,4,1,1,7,0,2,1983,1,1,1
210,2/22/2018 18:28:17,2/22/2018 18:33:44,3,6,5,5,5,5,4,1,1,2,5,1,1,4,2,6,2,2,2,6,6,6,6,6,6,1,4,4,4,4,4,4,4,4,4,3,5,5,6,5,6,7,3,2,1987,3,1,1
211,2/22/2018 18:25:45,2/22/2018 18:39:03,4,6,6,6,6,5,6,2,2,2,2,3,2,3,3,5,4,4,3,5,4,5,3,4,5,1,4,4,4,4,4,4,3,3,4,3,5,5,5,6,6,7,0,2,1960,3,1,1
212,2/22/2018 18:34:22,2/22/2018 18:40:27,2,7,7,7,7,5,6,1,1,1,1,1,1,5,1,7,1,1,1,7,7,7,7,5,5,1,3,4,4,4,5,4,5,4,4,3,6,7,7,1,7,7,0,2,1970,1,2,1
213,2/22/2018 18:35:17,2/22/2018 18:40:28,3,6,6,5,6,5,6,1,1,1,1,1,1,4,2,7,1,1,2,5,5,6,5,5,5,7,2,2,2,2,2,2,3,1,2,3,6,6,6,6,6,7,0,1,1981,1,1,1
214,2/22/2018 18:39:20,2/22/2018 18:47:55,1,5,6,6,5,4,6,1,1,1,1,1,1,3,2,4,2,5,,3,3,3,1,1,1,8,5,5,5,5,4,4,4,5,5,3,4,5,4,1,2,7,0,1,1988,3,2,1
215,2/22/2018 18:45:15,2/22/2018 18:50:39,4,5,4,6,6,6,5,5,3,4,5,2,4,4,2,5,2,3,3,6,6,6,6,6,6,1,3,2,2,2,3,3,2,3,4,3,4,5,5,5,6,7,1,1,1988,1,,1
216,2/22/2018 18:48:45,2/22/2018 18:52:45,4,6,6,6,6,6,4,2,2,1,1,2,3,5,1,1,1,1,3,6,5,5,7,6,6,1,4,4,4,5,3,3,4,4,5,3,1,3,2,6,6,7,1,2,1989,1,2,1
217,2/22/2018 18:48:02,2/22/2018 18:52:45,1,6,6,6,6,6,6,2,2,2,2,2,2,2,4,2,7,7,,3,3,4,4,4,4,1,5,5,5,5,5,5,4,5,4,3,5,6,5,6,6,7,1,2,1971,3,2,1
218,2/22/2018 18:45:51,2/22/2018 18:52:57,2,6,6,6,6,5,6,2,1,2,1,2,2,4,2,6,1,2,1,7,7,7,6,6,6,1,4,3,2,4,3,4,4,3,2,3,5,6,6,6,6,7,0,2,1986,3,2,1
219,2/22/2018 18:44:06,2/22/2018 18:53:01,3,7,7,7,7,7,7,1,1,1,1,1,1,5,1,7,1,1,2,7,7,7,7,7,7,1,3,3,3,3,3,4,5,4,4,3,7,7,7,7,7,7,1,2,1988,1,1,1
220,2/22/2018 18:51:08,2/22/2018 18:55:46,1,5,5,5,5,4,4,4,1,1,3,1,5,1,5,5,7,7,,7,7,7,6,5,6,4,5,5,5,4,5,5,4,4,5,3,5,3,3,7,7,7,0,2,1992,3,2,1
221,2/22/2018 18:41:04,2/22/2018 18:58:44,2,3,3,3,3,2,3,4,5,5,5,4,3,4,2,6,2,2,1,6,6,5,5,5,4,4,5,5,5,5,5,4,3,4,4,3,3,3,3,5,3,7,0,2,1997,1,2,1
222,2/22/2018 18:53:34,2/22/2018 19:01:55,3,7,7,6,6,6,6,1,1,1,1,1,1,4,2,6,2,2,2,6,6,6,6,6,6,8,3,3,2,3,3,4,4,3,4,3,5,6,5,4,4,7,0,1,1958,1,1,1
223,2/22/2018 18:58:06,2/22/2018 19:02:01,1,3,5,4,3,3,5,7,2,2,4,3,5,1,2,7,1,1,,7,7,7,7,7,7,5,2,2,2,2,2,4,5,5,5,3,1,2,2,2,2,7,1,1,1987,1,1,1
224,2/22/2018 18:59:29,2/22/2018 19:04:24,4,5,4,3,4,3,6,4,3,3,6,1,1,3,1,2,4,6,3,6,6,6,5,5,6,2,5,5,5,4,4,5,5,5,5,3,2,2,2,6,6,7,0,2,1996,3,1,1
225,2/22/2018 18:52:36,2/22/2018 19:04:46,2,7,7,7,7,6,4,1,1,4,1,5,1,5,2,4,1,5,1,7,6,7,6,7,7,4,5,4,5,4,4,5,5,4,5,3,6,6,7,7,5,7,0,1,1990,3,2,1
226,2/22/2018 19:07:36,2/22/2018 19:10:16,1,2,1,2,2,1,2,6,5,5,7,2,6,5,1,7,1,6,,6,6,6,6,6,6,3,2,2,2,2,2,2,3,3,3,3,6,6,6,6,6,7,0,1,1984,1,1,1
227,2/22/2018 19:02:07,2/22/2018 19:11:50,3,7,6,6,6,5,5,2,6,2,4,5,3,1,5,1,7,5,4,7,7,7,4,4,4,1,4,5,5,4,4,1,4,3,2,3,3,3,1,5,6,7,0,1,1981,1,2,1
228,2/22/2018 19:09:27,2/22/2018 19:13:56,4,5,5,4,6,2,6,2,3,3,3,3,2,1,5,1,4,7,3,7,7,7,6,3,7,1,5,5,5,5,5,5,5,5,5,3,1,5,1,7,2,7,0,2,1986,1,1,1
229,2/22/2018 19:12:08,2/22/2018 19:15:00,1,5,5,5,3,2,3,5,3,2,5,4,1,4,2,7,5,5,,2,2,2,2,2,2,8,3,2,3,2,2,3,4,3,2,3,3,2,3,1,1,7,6,2,1978,1,2,1
230,2/22/2018 19:10:45,2/22/2018 19:15:37,1,6,6,6,6,4,5,2,2,2,2,2,2,4,4,5,2,2,,6,6,6,6,7,7,1,3,3,3,3,4,3,4,5,2,3,5,7,7,6,5,7,3,1,1991,1,2,1
231,2/22/2018 19:11:42,2/22/2018 19:16:13,2,6,5,5,5,5,5,2,2,2,2,2,2,2,4,6,1,1,1,5,5,5,6,6,6,2,4,4,4,4,4,5,5,5,5,3,3,3,3,6,6,7,3,1,1970,1,2,1
232,2/22/2018 19:09:40,2/22/2018 19:16:28,3,6,6,6,5,4,6,1,2,2,2,1,1,4,3,1,6,7,2,2,4,5,2,2,2,4,5,5,5,5,5,5,5,5,5,3,4,5,4,5,5,7,0,2,1995,1,1,1
233,2/22/2018 19:11:54,2/22/2018 19:17:33,3,5,4,5,5,5,5,3,3,2,3,3,3,4,2,6,5,5,1,5,5,5,6,5,5,9,5,4,5,4,4,4,3,3,4,3,6,6,5,6,6,7,6,2,1981,1,2,1
234,2/22/2018 19:13:22,2/22/2018 19:18:52,3,5,3,3,5,4,5,1,6,6,1,1,1,5,1,4,1,5,2,6,7,7,7,7,7,5,3,4,4,3,2,3,2,1,2,3,6,6,6,5,5,7,1,2,1976,1,1,1
235,2/22/2018 19:10:48,2/22/2018 19:20:09,2,5,4,5,5,5,5,3,1,3,3,5,1,2,4,5,3,6,1,5,5,5,3,3,3,5,2,3,3,3,3,3,3,4,3,3,5,5,5,3,5,7,0,2,1973,3,2,1
236,2/22/2018 19:17:48,2/22/2018 19:21:27,2,6,4,5,4,5,4,2,1,1,1,1,1,3,3,3,3,3,1,5,5,5,4,5,5,8,4,3,3,4,3,3,3,4,3,3,5,5,5,4,5,5,4,1,1992,1,2,1
237,2/22/2018 18:56:44,2/22/2018 19:23:25,2,7,7,7,7,7,4,1,1,1,1,1,1,4,2,5,2,4,1,7,7,7,7,7,7,1,5,5,4,5,5,4,4,5,4,3,4,5,4,4,4,7,0,2,1987,4,2,1
238,2/22/2018 19:20:51,2/22/2018 19:24:03,1,3,2,2,3,2,3,4,5,6,3,6,3,2,5,1,7,6,,6,6,6,5,5,5,1,3,4,3,3,4,2,1,1,2,3,4,5,5,7,7,7,3,1,1978,1,2,1
239,2/22/2018 19:18:33,2/22/2018 19:24:13,3,6,6,6,5,4,5,2,1,1,1,1,1,3,1,6,2,2,2,7,5,5,6,6,5,2,3,4,3,3,4,3,4,3,4,3,6,6,6,7,6,7,1,2,1981,1,2,1
240,2/22/2018 19:22:28,2/22/2018 19:29:05,2,6,6,6,6,6,6,1,1,1,1,1,1,5,1,7,1,1,1,7,6,7,6,7,7,1,3,3,3,3,3,2,2,2,2,3,7,7,7,7,7,7,1,1,1980,1,2,1
241,2/22/2018 19:15:22,2/22/2018 19:29:39,4,7,7,7,7,7,7,1,1,1,1,1,1,5,1,7,1,1,1,7,7,7,7,7,7,1,2,2,2,3,2,2,2,1,1,3,7,7,7,7,7,7,0,2,1950,1,2,1
242,2/22/2018 19:24:20,2/22/2018 19:30:57,4,5,5,5,5,5,5,1,1,1,1,1,1,5,1,5,1,4,3,7,7,7,7,7,7,1,1,1,3,2,2,2,4,4,3,3,7,7,7,7,7,7,0,2,1971,1,1,1
243,2/22/2018 19:25:53,2/22/2018 19:31:42,3,5,5,6,6,5,5,2,1,1,1,1,1,4,2,2,3,6,2,6,6,7,5,5,5,1,3,4,3,4,3,4,4,3,3,3,3,3,3,6,7,7,0,2,1982,1,2,1
244,2/22/2018 19:29:14,2/22/2018 19:34:30,4,6,7,6,6,5,6,2,1,2,1,1,1,4,2,6,1,1,3,3,4,5,5,3,5,4,3,4,4,3,4,4,5,4,5,3,5,5,3,3,4,7,0,2,1985,1,2,1
245,2/22/2018 19:32:55,2/22/2018 19:35:58,1,4,3,3,3,3,4,5,5,5,2,2,2,2,4,7,7,7,,6,6,6,6,6,6,1,3,3,3,3,3,4,2,4,2,3,5,5,5,7,7,7,0,2,1996,3,2,1
246,2/22/2018 19:32:17,2/22/2018 19:36:47,3,6,6,5,6,5,5,1,1,1,1,1,1,3,2,5,3,4,2,5,5,5,4,4,4,5,4,4,4,4,4,4,5,4,4,3,6,6,6,6,6,7,1,1,1988,3,2,1
247,2/22/2018 19:31:00,2/22/2018 19:37:11,2,5,5,1,1,1,5,1,1,1,1,1,1,4,2,6,4,1,1,4,5,5,4,4,3,3,2,3,3,2,2,2,3,2,3,3,6,6,6,5,5,7,0,1,1987,1,2,1
248,2/22/2018 19:24:45,2/22/2018 19:37:55,1,6,5,5,5,5,5,1,1,1,1,1,1,4,2,4,5,5,,4,4,6,4,4,4,2,5,5,5,5,5,3,3,3,3,3,6,5,7,6,6,7,0,2,1981,1,1,1
249,2/22/2018 19:32:03,2/22/2018 19:38:35,4,5,5,5,5,4,6,2,2,3,1,1,1,3,3,5,2,5,3,3,5,6,2,3,2,5,1,3,3,2,3,5,4,3,3,3,5,5,5,3,3,7,0,1,1985,1,2,1
250,2/22/2018 19:32:53,2/22/2018 19:38:50,2,5,5,4,5,4,4,1,1,1,1,1,1,3,3,7,4,1,1,5,5,5,4,4,5,1,5,5,5,3,5,4,5,5,5,3,6,6,5,7,7,7,1,1,1962,1,2,1
251,2/22/2018 19:36:33,2/22/2018 19:44:56,4,6,6,6,6,5,5,2,1,2,1,1,1,4,2,6,4,5,1,6,6,5,6,5,6,7,5,5,5,4,4,4,4,5,5,3,5,6,6,3,3,7,0,1,1979,3,2,1
252,2/22/2018 19:30:27,2/22/2018 19:45:25,1,6,6,6,6,6,5,1,1,1,1,1,1,4,2,6,2,2,,6,6,6,6,6,6,9,4,4,4,4,4,4,4,5,4,3,2,3,3,2,2,7,2,2,1981,1,1,1
253,2/22/2018 19:41:52,2/22/2018 19:47:22,1,4,7,6,5,3,6,1,1,1,1,1,1,4,1,5,2,6,,7,7,7,7,7,7,6,4,5,4,5,5,5,4,4,5,3,6,6,5,5,6,7,0,2,1977,1,2,1
254,2/22/2018 19:43:25,2/22/2018 19:49:05,2,7,6,5,6,6,5,1,1,1,1,1,1,4,3,2,2,2,2,6,7,7,5,6,5,1,2,1,1,2,2,2,3,2,3,3,5,3,5,3,3,7,0,1,1982,1,3,1
255,2/22/2018 19:46:11,2/22/2018 19:49:23,1,7,7,7,7,7,7,2,2,2,2,1,1,5,2,7,1,1,,7,7,7,7,7,7,2,3,3,3,2,3,4,5,5,5,3,6,6,6,6,6,7,0,1,1989,1,1,1
256,2/22/2018 19:41:48,2/22/2018 19:53:14,2,7,7,7,7,5,7,1,1,1,1,1,1,4,2,5,5,7,2,7,7,7,5,5,4,6,5,4,4,5,4,5,5,5,5,3,3,3,3,6,6,7,0,1,1984,3,1,1
257,2/22/2018 19:38:03,2/22/2018 19:54:18,4,7,6,6,6,5,6,1,1,1,3,1,1,4,2,6,2,1,2,7,7,7,7,7,7,1,3,3,2,1,3,2,2,4,3,3,7,7,5,7,7,7,1,2,1989,1,2,1
258,2/22/2018 19:47:36,2/22/2018 19:54:22,1,5,6,4,5,1,5,1,1,1,1,1,1,4,3,6,3,4,,5,6,6,5,5,6,2,2,2,2,3,2,4,4,3,4,3,6,6,6,7,7,7,0,1,1957,1,1,1
259,2/22/2018 19:45:20,2/22/2018 19:54:58,4,7,7,6,7,7,6,1,1,1,1,1,1,5,1,6,1,1,3,6,4,7,5,6,5,6,4,4,4,5,4,5,5,4,4,3,2,5,5,5,5,7,0,2,1996,1,1,1
260,2/22/2018 19:36:29,2/22/2018 19:57:19,1,4,4,4,3,3,2,6,5,5,4,2,3,2,4,5,5,5,,2,2,2,1,1,1,6,5,5,5,5,5,3,4,3,3,3,4,5,3,2,2,7,3,1,1980,1,2,1
261,2/22/2018 19:44:29,2/22/2018 19:59:08,3,6,6,6,6,6,6,2,2,2,2,2,2,5,1,6,2,2,2,6,6,6,6,6,6,3,4,4,4,4,4,3,3,2,4,3,6,6,6,6,6,7,0,2,1987,3,2,1
262,2/22/2018 19:59:57,2/22/2018 20:03:59,2,6,7,6,6,6,5,1,1,1,1,1,1,4,4,6,2,2,1,4,5,6,4,5,5,4,4,3,4,4,4,4,4,4,4,3,4,3,3,5,5,7,6,1,1988,1,2,1
263,2/22/2018 19:59:01,2/22/2018 20:03:59,4,6,6,5,6,6,4,1,1,1,1,1,1,4,2,4,2,2,3,6,6,6,5,5,6,3,4,4,4,4,4,4,4,4,3,3,5,5,6,7,6,7,0,1,1992,2,1,1
264,2/22/2018 20:01:13,2/22/2018 20:04:59,2,6,6,6,6,6,7,2,2,3,2,1,2,4,2,7,1,4,1,7,6,5,7,7,7,3,3,5,4,4,4,5,4,5,4,4,7,6,6,6,6,7,2,2,1993,1,2,1
265,2/22/2018 19:56:12,2/22/2018 20:05:02,3,6,6,6,6,5,1,1,1,1,5,1,1,4,2,2,1,1,2,7,7,7,6,6,7,8,1,3,2,3,1,4,5,3,5,3,4,3,5,7,2,7,0,1,1988,1,1,1
266,2/22/2018 20:02:52,2/22/2018 20:07:26,3,5,6,6,5,5,7,1,1,1,1,1,1,2,5,1,7,7,3,7,6,7,6,6,6,8,5,5,5,5,5,5,5,5,5,3,2,2,2,5,5,7,0,2,1993,1,1,1
267,2/22/2018 20:05:06,2/22/2018 20:08:19,1,4,4,3,4,4,3,5,3,3,4,1,3,2,4,2,5,6,,4,5,5,3,3,3,2,2,3,2,2,2,3,3,3,4,3,3,3,4,3,5,7,1,1,1975,3,2,1
268,2/22/2018 20:06:09,2/22/2018 20:12:04,1,5,5,6,5,4,5,1,1,1,1,1,1,4,1,6,3,2,,4,5,5,4,3,3,1,2,3,3,2,2,3,2,2,3,3,6,6,6,7,7,7,1,2,1956,1,1,1
269,2/22/2018 20:09:29,2/22/2018 20:18:00,3,5,5,3,5,2,4,3,3,3,1,2,1,2,4,5,3,5,1,6,6,6,4,4,4,2,5,3,3,2,2,4,3,4,4,3,5,5,4,6,6,7,0,1,1993,3,1,1
270,2/22/2018 20:08:54,2/22/2018 20:25:01,2,6,7,7,6,6,6,1,1,1,1,1,1,4,2,6,1,2,1,6,6,7,6,5,5,6,1,3,2,2,1,4,4,3,3,3,5,5,5,6,6,7,0,1,1974,3,1,1
271,2/22/2018 20:15:29,2/22/2018 20:30:24,4,6,6,5,6,5,6,2,2,2,2,2,1,4,2,4,5,6,3,6,6,6,6,6,6,1,4,4,4,2,1,3,4,3,4,3,5,5,5,7,7,7,0,2,1988,1,1,1
272,2/22/2018 20:24:14,2/22/2018 20:31:20,3,6,6,6,5,5,6,2,2,1,2,2,1,4,2,5,5,5,3,6,6,6,6,6,6,4,2,2,2,3,3,4,4,3,4,3,6,6,6,5,5,7,4,2,1968,1,2,1
273,2/22/2018 20:28:59,2/22/2018 20:33:18,1,5,5,7,6,5,4,1,1,1,2,1,2,4,2,7,6,5,,7,7,7,6,6,5,1,4,3,4,3,3,4,5,4,4,3,6,5,6,7,7,7,1,1,1980,1,1,1
274,2/22/2018 20:31:54,2/22/2018 20:36:08,2,5,5,5,5,4,6,3,2,3,2,2,2,4,1,5,1,2,1,6,6,6,6,6,6,4,3,3,3,3,3,3,4,3,4,3,5,5,5,6,6,7,2,1,1984,1,2,1
275,2/22/2018 20:32:43,2/22/2018 20:43:29,2,6,6,5,5,5,5,1,1,1,1,1,1,4,1,5,3,5,1,6,6,7,7,6,7,1,4,4,4,4,4,4,4,3,5,3,6,6,6,7,7,7,1,2,1969,1,2,1
276,2/22/2018 20:40:29,2/22/2018 20:50:06,1,6,6,5,7,7,5,2,1,1,3,5,1,4,2,6,3,4,,5,6,6,5,5,4,1,5,5,4,3,3,2,2,3,3,3,6,6,6,7,7,7,1,2,1987,3,1,1
277,2/22/2018 20:51:13,2/22/2018 20:57:37,4,5,5,6,5,4,6,1,1,1,1,1,1,4,1,6,2,2,3,6,6,6,5,5,5,1,3,3,3,4,3,2,4,2,3,3,6,6,6,6,6,7,0,1,1982,2,1,1
278,2/22/2018 20:53:26,2/22/2018 20:58:34,3,7,7,7,7,6,6,1,1,1,1,1,1,5,1,7,1,1,2,7,7,7,5,5,6,1,3,5,5,5,3,4,4,4,4,3,5,5,3,7,6,7,0,2,1988,1,1,1
279,2/22/2018 21:04:28,2/22/2018 21:08:31,1,6,6,6,6,5,6,1,1,1,1,1,1,4,2,6,2,2,,6,6,6,5,5,5,1,5,5,5,5,5,5,5,5,5,3,5,5,5,7,7,7,0,2,1989,1,1,1
280,2/22/2018 21:10:22,2/22/2018 21:17:06,4,3,3,3,3,2,4,5,2,5,2,1,5,2,4,1,6,7,3,3,5,3,3,2,3,2,5,5,5,5,5,3,3,4,3,3,5,5,5,1,2,7,0,2,1983,3,1,1
281,2/22/2018 21:15:12,2/22/2018 21:20:16,2,5,5,5,5,4,5,1,1,1,1,1,1,4,1,6,2,7,1,7,7,7,7,7,7,4,4,3,4,4,4,3,3,4,2,3,7,6,7,5,7,7,0,1,1983,1,2,1
282,2/22/2018 21:16:13,2/22/2018 21:21:22,3,5,5,6,4,4,4,1,2,1,3,4,2,2,4,6,4,4,1,6,6,6,5,5,6,3,3,3,2,3,3,2,3,4,4,3,2,2,2,5,5,7,0,2,1978,1,1,1
283,2/22/2018 21:19:57,2/22/2018 21:24:00,1,6,7,6,7,5,6,1,2,3,1,1,1,4,1,6,2,3,,6,6,6,6,6,6,9,2,2,2,2,3,4,3,3,3,3,6,5,6,5,2,7,0,2,1997,1,1,1
284,2/22/2018 21:12:02,2/22/2018 21:25:39,2,6,6,5,5,4,5,3,1,2,2,2,1,3,4,2,6,7,1,3,4,4,3,3,3,2,4,4,4,5,4,4,4,4,4,3,3,3,2,3,6,7,0,1,1994,1,2,1
285,2/22/2018 21:29:38,2/22/2018 21:35:29,2,6,5,6,5,5,5,1,1,1,1,1,1,4,2,7,1,1,1,5,5,6,4,5,5,5,4,3,3,4,2,4,4,4,4,3,6,4,7,5,5,7,1,2,1974,1,1,1
286,2/22/2018 21:36:14,2/22/2018 21:41:58,4,5,7,6,6,6,6,2,2,2,2,2,2,4,3,5,4,6,3,4,4,5,4,4,2,9,5,5,5,5,5,4,3,5,5,3,2,5,4,5,5,7,1,2,1995,3,1,1
287,2/22/2018 21:35:38,2/22/2018 21:42:09,3,6,6,6,6,5,5,1,1,1,1,1,1,2,4,1,7,7,2,5,5,6,3,3,3,8,5,5,5,5,4,5,5,5,5,3,1,1,1,1,1,7,0,1,1977,3,1,1
288,2/22/2018 21:40:09,2/22/2018 21:44:57,1,4,5,4,4,4,4,3,2,3,2,2,2,3,3,1,1,1,,6,6,6,6,6,6,9,3,4,4,3,3,4,4,4,3,3,4,4,4,5,5,7,1,1,1989,1,1,1
289,2/22/2018 21:58:31,2/22/2018 22:02:14,1,5,5,5,5,4,5,3,3,3,2,3,3,3,2,4,5,6,,5,5,5,4,4,4,5,2,3,3,3,2,3,2,3,2,3,7,6,6,5,5,7,0,2,1991,3,2,1
290,2/22/2018 21:58:00,2/22/2018 22:06:11,2,3,3,4,4,2,3,4,4,4,4,2,2,4,2,5,2,3,1,5,5,6,4,5,5,4,4,4,4,3,3,3,4,4,3,3,5,5,4,5,5,7,0,2,1993,3,1,1
291,2/22/2018 22:07:12,2/22/2018 22:14:02,3,6,5,6,6,4,6,1,2,1,1,1,1,4,2,6,3,1,2,5,6,6,3,5,6,1,3,2,3,3,3,3,4,4,3,3,5,6,6,7,6,7,0,2,1966,1,2,1
292,2/22/2018 22:13:56,2/22/2018 22:17:01,1,6,7,6,6,5,7,2,2,2,1,2,1,3,2,5,2,3,,7,7,5,6,7,6,3,4,4,3,4,5,4,4,5,3,3,7,7,7,7,7,7,1,1,1984,3,2,1
293,2/22/2018 22:09:19,2/22/2018 22:17:43,2,7,7,7,7,7,7,1,1,1,1,1,1,5,1,7,1,1,1,6,6,7,6,6,5,4,3,2,3,2,2,4,4,4,4,3,6,6,7,5,5,7,1,2,1982,1,2,1
294,2/22/2018 22:13:48,2/22/2018 22:17:50,4,5,5,5,5,4,4,2,2,2,3,4,1,3,3,4,5,6,2,7,7,7,6,6,6,1,4,4,3,3,4,4,4,4,4,3,6,6,6,6,6,7,0,2,1986,1,2,1
295,2/22/2018 22:15:22,2/22/2018 22:19:53,3,6,6,5,4,4,6,2,2,2,3,1,2,2,4,4,5,5,2,7,7,7,3,3,4,1,3,4,4,4,3,4,4,4,4,3,5,5,5,7,7,7,0,2,1979,1,1,1
296,2/22/2018 22:17:46,2/22/2018 22:21:14,1,6,6,6,6,5,6,1,1,1,1,1,1,2,4,2,6,6,,5,5,5,5,5,5,1,1,1,1,3,1,2,1,1,1,3,5,5,5,6,6,7,0,2,1985,1,1,1
297,2/22/2018 22:02:58,2/22/2018 22:21:33,4,6,6,5,5,5,6,2,1,2,2,2,2,4,2,4,2,2,3,6,6,7,6,6,6,8,4,4,3,4,3,5,5,4,3,3,6,6,5,4,4,7,2,1,1992,1,2,1
298,2/22/2018 22:17:54,2/22/2018 22:23:35,2,5,5,5,5,5,5,2,2,2,2,1,2,4,2,5,3,3,1,5,5,5,6,6,6,2,5,5,5,5,5,5,4,4,4,3,5,5,6,6,6,7,1,2,1989,1,2,1
299,2/22/2018 22:18:30,2/22/2018 22:26:29,3,5,6,5,5,6,5,2,1,1,2,1,1,4,3,4,5,6,2,5,6,6,6,6,7,5,3,4,4,3,3,2,2,3,2,3,4,3,4,4,3,7,1,2,1990,1,1,1
300,2/22/2018 22:22:50,2/22/2018 22:28:11,4,5,4,5,4,1,7,1,1,1,1,1,1,1,5,1,7,7,3,2,4,2,2,3,1,3,3,4,3,3,3,4,3,3,5,3,7,7,6,4,4,7,0,2,1980,1,1,1
301,2/23/2018 11:55:39,2/23/2018 11:59:26,3,5,5,5,4,5,4,4,4,4,4,3,5,4,4,3,4,6,2,5,6,5,5,5,6,4,4,3,4,3,4,5,4,2,4,3,6,5,5,5,7,7,1,1,1992,3,1,1
302,2/23/2018 11:56:02,2/23/2018 12:10:13,1,6,6,6,5,5,6,1,1,1,1,1,1,3,2,5,5,5,,6,5,6,6,6,6,2,5,5,5,5,5,5,5,5,5,3,3,2,2,6,6,7,0,1,1986,1,1,1
303,2/23/2018 12:05:30,2/23/2018 12:11:17,4,6,6,6,6,6,6,1,1,1,1,1,1,5,1,1,1,1,3,6,6,6,7,7,7,1,4,3,3,3,2,3,3,2,4,3,7,7,7,5,4,7,0,2,1983,1,2,1
304,2/23/2018 12:12:57,2/23/2018 12:14:02,2,3,3,2,7,5,6,3,6,3,1,4,5,2,2,2,1,3,2,5,4,6,4,4,4,4,4,4,4,1,1,3,5,1,2,3,1,6,5,2,3,7,6,1,1989,1,1,1
305,2/23/2018 12:26:20,2/23/2018 12:35:23,3,5,5,5,4,4,4,4,2,3,4,2,4,2,4,2,6,6,2,7,7,7,5,6,6,4,1,2,2,2,2,4,5,3,4,3,6,6,6,7,7,7,1,2,1961,1,1,1
306,2/23/2018 12:45:46,2/23/2018 12:47:18,1,6,6,6,5,5,6,6,5,5,5,5,5,3,4,6,5,5,,5,6,5,5,6,5,5,3,3,4,4,4,4,4,4,3,3,6,5,5,6,5,7,6,1,1989,1,1,1
307,2/23/2018 12:54:35,2/23/2018 13:03:50,1,6,6,6,5,5,6,2,2,2,2,2,2,4,2,3,5,6,,5,5,5,5,5,5,3,3,4,4,4,3,4,4,2,3,3,6,6,6,6,6,7,1,2,1983,1,2,1
308,2/23/2018 13:01:33,2/23/2018 13:04:54,4,5,6,6,6,6,5,1,2,2,2,2,1,5,1,7,1,7,2,7,7,7,7,7,7,8,3,3,3,3,4,4,3,3,2,4,7,7,7,6,6,7,5,2,1986,1,2,1
309,2/23/2018 13:00:48,2/23/2018 13:06:19,3,5,5,5,5,4,5,2,1,1,2,1,1,4,2,6,2,3,2,5,5,5,4,4,3,1,3,4,4,4,4,4,3,3,3,3,5,5,5,6,6,7,0,2,1989,1,2,1
310,2/23/2018 13:09:24,2/23/2018 13:12:24,3,6,6,6,6,6,6,1,1,1,1,1,1,4,1,1,2,2,2,4,5,4,5,5,5,1,3,2,2,3,4,3,4,4,4,3,6,5,5,6,6,7,1,1,1991,1,1,1
311,2/23/2018 13:08:05,2/23/2018 13:13:51,2,4,4,4,4,5,6,2,2,1,3,4,1,4,4,5,5,4,1,6,4,6,4,5,5,2,3,3,4,4,4,5,3,4,4,3,2,4,3,5,6,7,0,1,1976,2,1,1
312,2/23/2018 13:36:05,2/23/2018 13:40:36,1,7,7,7,7,7,7,1,1,1,1,1,1,5,5,1,1,1,,7,7,7,7,7,7,1,5,5,5,5,5,5,5,3,4,3,6,6,5,6,6,7,1,2,1992,1,2,1
313,2/23/2018 13:34:59,2/23/2018 13:42:14,4,4,5,3,4,3,5,3,3,5,1,1,1,4,2,5,3,5,3,5,5,5,5,5,5,2,3,3,3,3,3,3,3,3,2,3,6,6,7,6,6,7,1,1,1993,1,1,1
314,2/23/2018 13:45:49,2/23/2018 13:57:18,4,5,7,6,6,7,5,3,2,2,2,3,3,4,5,6,4,5,3,6,5,7,6,7,6,3,3,3,4,5,4,4,4,4,2,3,5,6,7,4,6,7,5,2,1989,3,1,1
315,2/23/2018 14:01:32,2/23/2018 14:06:46,3,5,5,6,5,2,7,2,2,2,2,2,2,3,3,5,5,2,2,6,7,5,7,7,7,6,3,4,4,3,3,3,3,4,5,3,4,5,5,3,3,7,0,2,1990,1,2,1
316,2/23/2018 14:01:23,2/23/2018 14:07:11,1,5,6,6,6,6,6,2,2,2,2,1,2,4,1,7,3,1,,6,6,6,6,6,6,8,3,2,2,3,4,3,3,3,3,3,7,7,7,3,3,7,1,2,1973,1,1,1
317,2/23/2018 14:00:47,2/23/2018 14:09:20,2,6,6,6,6,5,6,1,1,1,1,1,1,5,1,3,2,6,1,6,6,7,5,5,6,2,3,4,4,4,3,3,3,2,3,3,5,6,5,7,7,7,0,1,1990,3,2,1
318,2/23/2018 14:05:58,2/23/2018 14:12:15,3,6,6,6,6,6,6,2,2,2,2,2,2,4,2,6,2,5,3,6,6,6,6,6,6,1,3,3,3,3,3,4,5,4,5,3,5,6,6,3,6,7,0,2,1956,1,1,1
319,2/23/2018 14:08:24,2/23/2018 14:14:20,1,5,6,5,5,3,5,1,1,1,1,1,1,4,2,6,2,3,,5,6,5,3,3,3,5,4,4,4,4,4,4,3,4,4,3,5,6,5,7,7,7,4,2,1969,3,2,1
320,2/23/2018 14:11:29,2/23/2018 14:16:57,2,5,5,5,1,1,5,1,1,1,1,1,1,4,2,3,7,7,1,7,7,7,6,6,6,1,4,4,4,4,4,5,5,3,4,3,6,6,6,7,7,7,3,1,1978,1,1,1
321,2/23/2018 14:15:35,2/23/2018 14:21:23,3,6,5,5,3,3,5,2,2,5,2,1,1,1,5,1,7,7,2,3,5,6,1,1,1,3,3,3,2,3,2,4,3,4,5,3,6,6,6,4,5,7,0,2,1994,1,1,1
322,2/23/2018 14:17:53,2/23/2018 14:21:33,1,5,5,6,5,5,4,3,2,2,2,2,2,2,4,5,2,4,,3,6,5,7,7,6,1,3,5,4,4,3,2,2,3,3,3,3,3,5,4,4,7,0,2,1990,3,2,1
323,2/23/2018 14:15:28,2/23/2018 14:22:09,4,4,4,4,4,2,6,2,2,2,2,2,2,4,2,6,2,2,3,6,6,6,6,6,6,4,2,2,2,2,2,3,3,3,3,3,6,6,6,6,6,7,0,2,1986,1,1,1
324,2/23/2018 14:17:00,2/23/2018 14:26:03,2,6,7,6,6,5,6,1,1,1,1,1,1,4,2,7,1,1,1,7,7,7,7,7,7,1,2,2,2,3,1,4,4,3,4,3,6,6,6,6,6,7,0,1,1984,1,1,1
325,2/23/2018 14:21:23,2/23/2018 14:27:19,2,6,5,5,4,4,7,1,1,2,1,1,1,4,2,5,2,1,2,5,6,6,6,6,5,4,3,2,2,2,2,3,4,3,2,3,6,6,6,6,6,7,0,2,1980,1,1,1
326,2/23/2018 14:21:29,2/23/2018 14:31:54,3,5,5,4,4,4,5,1,1,1,1,1,1,4,4,5,2,4,2,4,5,5,5,5,5,9,4,4,4,4,4,4,4,4,4,3,5,5,5,2,2,7,0,1,1987,1,1,1
327,2/23/2018 14:30:41,2/23/2018 14:35:37,3,4,4,1,2,2,3,4,4,2,5,1,1,2,3,4,5,6,2,4,5,4,4,4,5,8,3,3,3,3,4,3,3,4,4,3,4,5,5,2,2,7,0,2,1987,1,2,1
328,2/23/2018 14:27:42,2/23/2018 14:35:51,1,6,5,4,5,5,2,2,1,3,3,1,1,5,4,2,1,6,,6,6,5,7,6,7,3,5,4,4,5,4,5,4,5,4,3,5,5,6,6,6,7,1,1,1978,1,2,1
329,2/23/2018 14:33:53,2/23/2018 14:36:05,1,6,5,6,6,7,6,1,1,1,1,2,1,5,2,7,1,1,,7,6,6,6,7,7,1,5,5,4,4,3,2,2,4,4,3,6,6,5,6,6,7,2,1,1977,3,2,1
330,2/23/2018 14:33:40,2/23/2018 14:37:58,2,4,5,6,5,5,5,2,2,2,1,1,1,1,5,2,7,7,1,5,5,5,5,5,5,1,5,5,5,5,5,4,4,4,5,3,7,3,3,5,7,7,0,2,1987,1,2,1
331,2/23/2018 14:36:57,2/23/2018 14:50:25,4,1,1,1,1,1,4,5,1,1,1,1,1,1,5,1,7,7,3,6,6,6,6,6,6,8,4,4,4,4,4,3,2,3,3,3,3,3,3,4,3,7,0,1,1986,1,2,1
332,2/23/2018 14:46:50,2/23/2018 14:53:49,3,7,6,6,5,4,6,2,1,1,1,2,2,4,2,7,2,1,2,5,5,5,5,5,5,8,2,3,3,3,2,4,4,3,3,3,6,6,6,3,3,7,0,1,1990,1,2,1
333,2/23/2018 14:47:26,2/23/2018 14:54:43,2,5,5,5,5,5,5,2,1,1,1,1,1,4,4,6,2,1,1,6,6,6,5,5,6,9,5,5,5,5,5,5,5,5,5,3,3,1,1,3,2,1,0,2,1972,1,2,1
334,2/23/2018 14:51:09,2/23/2018 14:55:35,4,6,7,7,5,4,5,2,1,1,1,1,1,4,3,3,5,7,3,7,7,7,6,6,7,5,2,3,2,2,3,4,3,4,4,3,5,6,6,5,5,7,0,2,1989,2,2,1
335,2/23/2018 14:53:46,2/23/2018 15:00:36,1,6,6,6,6,6,6,1,1,1,1,1,1,5,1,7,1,1,,6,6,6,6,5,5,1,5,5,5,5,5,5,5,5,5,3,5,5,2,1,7,7,0,2,1975,1,1,1
336,2/23/2018 14:58:37,2/23/2018 15:03:55,2,5,6,5,6,6,5,1,1,1,1,1,1,4,2,5,3,5,2,6,6,6,7,6,6,1,4,4,4,4,3,3,4,3,3,3,6,5,4,7,7,7,0,1,1983,3,1,1
337,2/23/2018 15:02:25,2/23/2018 15:06:29,3,4,4,5,6,4,5,3,3,1,2,1,2,4,2,6,2,1,2,6,6,7,6,6,7,1,3,3,3,2,2,2,4,3,4,3,6,6,6,6,6,7,0,2,1984,1,2,1
338,2/23/2018 15:01:23,2/23/2018 15:09:18,4,4,4,4,4,4,1,1,1,1,1,1,1,3,2,5,4,4,3,6,6,6,6,6,6,1,4,4,4,4,3,4,4,4,4,3,6,6,6,6,6,7,0,2,1966,1,1,1
339,2/23/2018 15:08:29,2/23/2018 15:12:48,1,5,6,5,5,5,5,3,1,1,1,5,1,4,1,6,1,1,,6,6,6,5,6,6,2,4,3,3,4,4,4,4,4,4,3,5,5,5,6,6,7,0,2,1991,1,2,1
340,2/23/2018 15:02:19,2/23/2018 15:13:29,4,6,6,5,7,6,6,1,1,1,1,1,1,5,2,6,1,5,3,6,6,7,6,6,6,1,4,2,2,4,4,4,4,1,5,3,3,7,7,7,6,7,0,1,1988,3,2,1
341,2/23/2018 15:06:43,2/23/2018 15:13:30,2,5,5,5,5,4,4,1,1,1,1,1,1,4,2,3,5,6,4,5,5,5,5,5,5,1,3,3,3,3,3,4,3,4,4,3,3,5,4,6,6,7,0,2,1956,1,1,1
342,2/22/2018 15:13:31,2/22/2018 15:15:21,1,6,6,6,6,5,6,1,1,1,1,1,1,3,2,6,2,3,,4,4,4,4,4,4,8,3,3,3,3,3,3,2,2,3,3,7,7,7,2,2,7,,,,,,0
343,2/23/2018 15:11:33,2/23/2018 15:17:43,3,6,6,6,6,6,6,1,1,1,1,1,1,4,2,6,2,2,2,6,6,6,6,6,6,4,2,3,3,3,3,3,3,3,3,3,5,5,5,5,5,7,1,1,1977,1,2,1
344,2/22/2018 15:19:29,2/22/2018 15:19:51,3,,,,,,,,,,,,,,,,,,,,,,,,,,,,,,,,,,,,,,,,,,,,,,,0
345,2/22/2018 15:19:11,2/22/2018 15:19:56,4,,,,,,,,,,,,,,,,,,,,,,,,,,,,,,,,,,,,,,,,,,,,,,,0
346,2/23/2018 15:17:16,2/23/2018 15:22:35,2,5,5,5,5,3,5,2,2,2,2,2,2,2,4,6,5,2,1,6,6,6,6,6,6,2,2,3,2,2,2,4,4,3,4,3,6,6,6,6,6,7,0,1,1975,1,1,1
347,2/23/2018 15:14:18,2/23/2018 15:24:58,1,7,6,6,6,6,6,2,2,2,2,2,1,5,1,7,2,6,,7,7,7,7,7,7,6,5,5,5,5,5,5,5,5,5,3,6,7,7,4,6,7,0,2,1972,1,2,1
348,2/23/2018 15:18:52,2/23/2018 15:25:50,4,7,7,7,7,6,6,1,1,1,1,1,1,5,1,6,1,2,3,7,7,7,7,7,7,1,2,2,2,2,1,4,5,4,5,3,5,5,5,7,7,7,3,2,1952,2,2,1
349,2/22/2018 15:30:46,2/22/2018 15:32:09,4,,,,,,,,,,,,,,,,,,,,,,,,,,,,,,,,,,,,,,,,,,,,,,,0
350,2/22/2018 15:32:12,2/22/2018 15:33:02,2,,,,,,,,,,,,,,,,,,,,,,,,,,,,,,,,,,,,,,,,,,,,,,,0
351,2/23/2018 15:28:42,2/23/2018 15:33:13,4,7,7,7,7,7,7,1,1,1,1,1,1,3,3,7,2,1,3,7,7,7,7,7,7,1,5,5,5,5,5,3,3,3,4,3,7,7,7,7,7,7,2,1,1989,1,1,1
352,2/23/2018 15:36:48,2/23/2018 15:40:43,1,6,5,6,5,5,5,1,1,1,1,1,1,4,1,7,2,2,,3,2,4,2,2,3,2,3,3,4,5,5,4,3,4,5,3,5,6,6,6,6,7,1,1,1967,1,1,1
353,2/23/2018 15:35:20,2/23/2018 15:42:00,3,4,4,4,5,3,6,1,1,1,1,1,1,4,3,2,5,6,2,6,6,5,2,3,5,7,5,4,4,4,3,3,2,4,3,3,6,5,5,2,5,7,0,1,1988,3,2,1
354,2/22/2018 15:42:10,2/22/2018 15:42:37,2,,,,,,,,,,,,,,,,,,,,,,,,,,,,,,,,,,,,,,,,,,,,,,,0
355,2/23/2018 15:46:25,2/23/2018 15:49:15,1,4,6,4,5,5,4,3,2,2,2,4,3,4,2,6,4,3,,4,6,6,6,6,7,6,5,4,4,3,4,5,5,4,3,3,6,6,7,6,5,7,3,1,1975,1,2,1
356,2/23/2018 15:47:39,2/23/2018 15:52:27,3,7,7,7,7,6,7,1,1,1,1,1,1,1,5,1,7,1,2,3,3,1,1,1,1,1,5,5,5,5,5,5,5,5,5,3,1,1,1,5,5,7,0,2,1958,1,2,1
357,2/22/2018 15:58:46,2/22/2018 15:59:07,2,,,,,,,,,,,,,,,,,,,,,,,,,,,,,,,,,,,,,,,,,,,,,,,0
358,2/23/2018 15:56:18,2/23/2018 16:01:01,2,5,5,5,5,5,5,1,1,1,1,1,1,1,5,1,5,5,1,3,3,5,3,3,5,2,5,5,5,5,5,3,3,3,2,3,1,1,1,1,6,7,0,1,1998,2,1,1
359,2/22/2018 16:02:03,2/22/2018 16:02:19,2,,,,,,,,,,,,,,,,,,,,,,,,,,,,,,,,,,,,,,,,,,,,,,,0
360,2/22/2018 15:58:33,2/22/2018 16:08:07,3,,,,,,,,,,,,,,,,,,,,,,,,,,,,,,,,,,,,,,,,,,,,,,,0
361,2/22/2018 16:10:16,2/22/2018 16:10:30,2,,,,,,,,,,,,,,,,,,,,,,,,,,,,,,,,,,,,,,,,,,,,,,,0
362,2/22/2018 16:02:53,2/22/2018 16:11:21,4,,,,,,,,,,,,,,,,,,,,,,,,,,,,,,,,,,,,,,,,,,,,,,,0
363,2/22/2018 16:11:36,2/22/2018 16:12:10,3,,,,,,,,,,,,,,,,,,,,,,,,,,,,,,,,,,,,,,,,,,,,,,,0
364,2/23/2018 16:11:02,2/23/2018 16:14:52,2,7,7,7,7,7,7,1,1,1,1,1,1,4,1,1,1,1,1,7,7,7,7,7,7,2,4,4,4,4,4,4,4,4,4,3,6,5,6,7,7,7,0,1,1988,1,2,1
365,2/23/2018 15:52:24,2/23/2018 16:15:08,4,6,5,5,5,1,3,3,4,2,3,5,3,4,2,6,2,5,3,6,6,6,5,5,4,8,4,5,5,3,4,5,5,5,3,3,2,5,3,5,5,7,0,2,1987,1,1,1
366,2/22/2018 16:14:29,2/22/2018 16:15:03,2,,,,,,,,,,,,,,,,,,,,,,,,,,,,,,,,,,,,,,,,,,,,,,,0
367,2/23/2018 16:11:38,2/23/2018 16:20:16,1,5,4,4,5,3,3,3,4,3,4,5,4,3,3,5,5,4,,5,5,5,5,5,5,2,4,4,3,4,4,3,3,3,3,3,4,4,5,5,5,5,4,1,1997,1,1,1
368,2/23/2018 16:15:51,2/23/2018 16:26:24,3,7,6,6,7,6,6,1,1,1,1,1,1,5,1,1,1,6,2,6,6,7,5,6,6,1,2,5,5,4,5,3,4,3,4,3,7,7,7,1,7,7,0,1,1994,3,2,1
369,2/23/2018 16:29:25,2/23/2018 16:37:12,4,6,7,6,6,6,5,2,1,1,1,1,1,4,2,7,2,1,3,6,6,7,6,6,7,7,3,2,3,2,3,3,5,3,3,3,6,6,7,3,3,7,0,1,1979,1,2,1
370,2/22/2018 16:34:32,2/22/2018 16:37:48,2,5,2,5,5,2,2,2,2,2,2,2,2,,,,,,,,,,,,,,,,,,,,,,,,,,,,,,,,,,,0
371,2/22/2018 16:38:41,2/22/2018 16:38:52,4,,,,,,,,,,,,,,,,,,,,,,,,,,,,,,,,,,,,,,,,,,,,,,,0
372,2/22/2018 16:38:58,2/22/2018 16:39:34,3,,,,,,,,,,,,,,,,,,,,,,,,,,,,,,,,,,,,,,,,,,,,,,,0
373,2/23/2018 16:36:35,2/23/2018 16:44:04,1,5,2,4,5,3,5,4,5,3,5,4,5,3,2,3,4,5,,3,5,4,4,3,5,3,4,4,3,3,2,1,2,3,2,3,2,3,3,3,2,7,2,2,1988,1,2,1
374,2/22/2018 16:48:21,2/22/2018 16:49:02,4,,,,,,,,,,,,,,,,,,,,,,,,,,,,,,,,,,,,,,,,,,,,,,,0
375,2/22/2018 16:51:48,2/22/2018 16:52:00,4,,,,,,,,,,,,,,,,,,,,,,,,,,,,,,,,,,,,,,,,,,,,,,,0
376,2/22/2018 17:03:02,2/22/2018 17:03:12,3,,,,,,,,,,,,,,,,,,,,,,,,,,,,,,,,,,,,,,,,,,,,,,,0
377,2/23/2018 16:59:59,2/23/2018 17:04:31,3,6,5,5,5,3,5,4,3,1,2,5,2,3,3,4,6,6,2,5,6,6,7,5,3,9,5,4,4,4,4,3,3,4,4,3,4,4,4,5,5,7,0,2,1975,1,2,1
378,2/23/2018 17:05:15,2/23/2018 17:08:24,1,6,6,6,6,2,6,1,1,1,1,1,1,1,5,7,7,7,,6,6,6,6,6,6,8,5,5,5,5,5,5,5,5,5,3,7,7,7,1,1,7,1,1,1988,3,2,1
379,2/23/2018 17:08:46,2/23/2018 17:11:21,4,6,6,6,4,4,5,1,1,1,1,3,3,4,2,6,5,4,3,4,7,6,6,4,6,3,4,3,3,4,2,2,3,4,5,3,6,5,4,6,4,7,1,2,1990,1,2,1
380,2/23/2018 17:13:11,2/23/2018 17:17:09,1,5,5,4,5,4,4,3,2,3,3,2,2,2,4,4,5,6,,5,4,4,5,3,4,4,4,4,4,4,4,4,4,3,3,3,4,3,3,5,4,7,0,1,1990,3,1,1
381,2/22/2018 17:16:41,2/22/2018 17:17:02,3,,,,,,,,,,,,,,,,,,,,,,,,,,,,,,,,,,,,,,,,,,,,,,,0
382,2/23/2018 17:11:25,2/23/2018 17:18:13,4,7,7,6,6,6,5,1,1,1,1,1,1,2,4,5,2,6,3,6,6,6,3,5,2,1,3,4,3,4,2,4,3,4,3,3,6,6,5,6,6,7,1,1,1987,1,2,1
383,2/23/2018 17:15:12,2/23/2018 17:21:09,3,3,3,3,4,3,3,5,5,5,4,6,4,2,4,1,7,7,2,7,7,7,5,5,2,4,3,3,3,3,3,2,2,2,2,3,7,7,7,7,7,7,0,1,1988,3,1,1
384,2/23/2018 17:22:09,2/23/2018 17:26:14,2,4,4,4,3,3,4,4,4,4,4,4,4,3,2,4,6,6,1,5,7,6,6,6,6,6,4,4,4,4,3,2,2,2,3,3,3,3,3,4,3,7,0,2,1993,1,2,1
385,2/23/2018 17:29:17,2/23/2018 17:32:23,1,6,4,4,6,5,4,4,5,2,2,4,2,4,3,5,5,4,,7,6,5,5,6,4,3,3,2,4,4,3,3,4,5,4,3,5,4,6,4,4,7,5,1,1991,3,2,1
386,2/23/2018 17:29:47,2/23/2018 17:35:37,3,6,5,5,5,5,5,2,2,2,2,2,2,2,4,3,5,5,2,6,6,6,6,6,6,1,4,4,5,3,4,4,4,4,4,3,7,7,7,6,6,7,2,2,1990,1,2,1
387,2/23/2018 17:35:37,2/23/2018 17:38:31,4,2,4,4,4,2,2,3,1,2,4,2,4,3,2,5,4,4,2,4,4,4,4,5,3,4,4,3,3,4,3,3,4,4,4,3,4,4,4,4,4,7,5,2,1990,3,1,1
388,2/22/2018 17:41:07,2/22/2018 17:41:15,4,,,,,,,,,,,,,,,,,,,,,,,,,,,,,,,,,,,,,,,,,,,,,,,0
389,2/23/2018 17:38:30,2/23/2018 17:43:43,2,3,3,3,3,3,3,5,4,5,5,2,5,2,4,6,6,6,1,5,5,5,2,2,2,2,4,4,4,4,4,4,2,5,5,3,5,5,5,6,6,7,0,2,1991,3,2,1
390,2/22/2018 17:51:28,2/22/2018 17:52:11,3,,,,,,,,,,,,,,,,,,,,,,,,,,,,,,,,,,,,,,,,,,,,,,,0
391,2/23/2018 17:51:51,2/23/2018 17:55:16,2,5,5,5,5,5,5,1,1,1,1,1,1,3,3,6,3,1,1,6,1,6,6,6,6,1,2,2,2,2,2,2,2,4,3,3,5,5,5,6,6,7,1,1,1989,1,2,1
392,2/23/2018 17:50:38,2/23/2018 17:55:47,3,6,6,6,6,6,6,1,1,1,1,1,1,2,4,7,2,2,2,7,7,7,5,5,6,1,2,2,2,3,2,4,4,2,4,3,6,6,6,7,7,7,0,2,1978,1,1,1
393,2/22/2018 17:58:17,2/22/2018 17:58:36,3,,,,,,,,,,,,,,,,,,,,,,,,,,,,,,,,,,,,,,,,,,,,,,,0
394,2/23/2018 17:55:15,2/23/2018 18:00:27,1,3,3,3,3,2,3,5,5,5,5,5,2,4,2,6,3,3,,3,2,3,5,5,5,8,4,4,3,4,3,3,3,3,3,3,7,7,7,1,1,7,1,2,1984,1,1,1
395,2/23/2018 17:57:20,2/23/2018 18:01:32,1,6,5,5,5,4,5,2,2,2,2,1,1,4,2,7,1,1,,6,6,7,6,6,7,4,4,4,2,3,3,5,5,4,5,3,3,4,4,6,6,7,0,1,1990,1,2,1
396,2/22/2018 18:07:52,2/22/2018 18:07:59,3,,,,,,,,,,,,,,,,,,,,,,,,,,,,,,,,,,,,,,,,,,,,,,,0
397,2/22/2018 18:16:08,2/22/2018 18:16:40,3,,,,,,,,,,,,,,,,,,,,,,,,,,,,,,,,,,,,,,,,,,,,,,,0
398,2/23/2018 18:12:15,2/23/2018 18:17:25,2,6,7,6,5,7,5,1,1,1,1,1,1,4,1,7,1,1,1,6,6,7,6,6,7,1,3,3,2,3,5,4,3,4,4,3,6,6,6,6,6,7,3,2,1985,1,2,1
399,2/23/2018 18:11:04,2/23/2018 18:17:46,3,5,5,4,5,4,5,2,2,2,1,1,1,4,2,4,2,5,3,5,6,7,7,7,7,2,4,3,3,3,2,4,2,4,1,3,6,4,5,7,7,7,0,1,1980,2,2,1
400,2/23/2018 18:22:30,2/23/2018 18:25:02,1,6,6,7,5,6,6,2,1,1,1,1,1,5,1,6,2,6,,6,6,6,6,6,6,1,3,3,3,2,2,5,5,3,4,3,6,7,6,7,7,7,4,2,1988,1,2,1
401,2/23/2018 18:25:11,2/23/2018 18:27:47,1,6,6,6,6,6,7,1,1,1,1,1,1,3,3,7,4,4,,6,6,6,6,6,6,4,3,3,3,3,3,3,2,2,2,3,5,5,5,6,6,7,0,2,1973,1,1,1
402,2/23/2018 18:17:09,2/23/2018 18:29:01,4,5,5,5,5,5,5,3,3,3,3,3,3,4,2,3,5,5,3,6,6,6,6,6,6,5,4,4,4,4,4,3,3,3,3,3,4,4,4,5,5,7,0,2,1999,1,1,1
403,2/23/2018 18:24:56,2/23/2018 18:32:29,4,6,5,5,5,5,5,2,2,2,4,2,2,4,2,6,3,2,3,6,6,6,6,6,6,1,5,4,4,4,4,4,4,5,4,3,6,6,6,6,7,7,1,1,1985,3,1,1
404,2/23/2018 18:26:13,2/23/2018 18:33:05,2,4,5,6,5,4,4,1,1,1,1,1,1,5,1,7,1,1,1,7,7,7,1,1,1,1,2,2,2,2,3,3,3,3,5,3,7,7,7,7,7,7,0,2,1962,3,2,1
405,2/22/2018 18:15:57,2/22/2018 18:36:07,4,,,,,,,,,,,,,,,,,,,,,,,,,,,,,,,,,,,,,,,,,,,,,,,0
406,2/23/2018 18:34:24,2/23/2018 18:37:51,2,3,3,4,3,5,3,2,3,2,4,4,3,2,3,3,2,3,1,4,5,5,3,5,4,3,4,4,3,3,3,3,3,4,2,3,5,5,3,4,4,7,1,2,1988,1,1,1
407,2/22/2018 18:36:19,2/22/2018 18:37:38,4,,,,,,,,,,,,,,,,,,,,,,,,,,,,,,,,,,,,,,,,,,,,,,,0
408,2/23/2018 18:30:55,2/23/2018 18:39:30,3,5,5,5,5,5,4,1,1,1,1,1,1,3,3,4,4,3,2,5,7,5,5,5,5,1,3,3,3,3,3,3,3,4,3,3,5,6,6,6,4,7,0,2,1982,1,2,1
409,2/23/2018 18:36:33,2/23/2018 18:43:02,4,6,7,5,7,6,5,6,6,6,5,7,6,4,5,7,6,6,1,7,6,5,5,6,7,1,5,4,4,5,4,5,5,4,4,3,5,7,6,6,5,7,1,1,1987,1,2,1
410,2/23/2018 19:04:09,2/23/2018 19:11:22,3,5,5,5,5,5,5,3,3,3,3,4,3,4,2,7,1,1,2,6,6,6,6,6,6,2,2,2,2,2,2,2,4,3,3,3,6,6,6,6,6,7,2,2,1983,3,2,1
411,2/22/2018 19:13:16,2/22/2018 19:13:33,4,,,,,,,,,,,,,,,,,,,,,,,,,,,,,,,,,,,,,,,,,,,,,,,0
412,2/23/2018 19:18:57,2/23/2018 19:22:04,2,6,6,5,6,6,6,2,1,2,2,2,2,4,4,5,2,2,2,6,5,4,6,5,5,1,3,4,4,4,4,2,4,4,3,3,5,4,3,5,4,7,4,1,1998,1,2,1
413,2/23/2018 19:17:55,2/23/2018 19:22:19,1,6,7,7,5,5,6,1,1,2,2,1,1,3,2,4,1,5,,6,6,7,2,3,4,1,2,3,2,4,4,5,5,4,5,3,5,5,5,7,7,7,0,2,1986,1,1,1
414,2/23/2018 19:21:19,2/23/2018 19:25:12,1,1,1,1,1,3,6,6,1,6,1,1,6,2,4,4,7,5,,7,5,7,6,6,6,1,3,3,3,3,3,2,2,3,3,3,2,5,3,2,5,7,0,2,1974,1,2,1
415,2/23/2018 19:16:36,2/23/2018 19:27:33,3,5,5,6,6,6,4,3,2,3,3,3,3,4,3,6,1,1,1,6,6,6,6,6,6,4,2,4,4,2,2,5,4,5,5,3,5,5,5,7,7,7,0,2,1955,1,1,1
416,2/23/2018 19:22:08,2/23/2018 19:30:24,2,6,5,5,6,5,5,1,1,1,1,1,1,4,2,6,2,3,1,7,7,6,6,7,6,2,3,3,2,2,4,3,4,5,4,3,5,4,5,6,6,7,0,1,1996,1,1,1
417,2/22/2018 19:31:39,2/22/2018 19:31:59,3,,,,,,,,,,,,,,,,,,,,,,,,,,,,,,,,,,,,,,,,,,,,,,,0
418,2/22/2018 19:32:36,2/22/2018 19:32:57,4,,,,,,,,,,,,,,,,,,,,,,,,,,,,,,,,,,,,,,,,,,,,,,,0
419,2/22/2018 19:33:26,2/22/2018 19:33:35,2,,,,,,,,,,,,,,,,,,,,,,,,,,,,,,,,,,,,,,,,,,,,,,,0
420,2/22/2018 19:33:32,2/22/2018 19:33:50,3,,,,,,,,,,,,,,,,,,,,,,,,,,,,,,,,,,,,,,,,,,,,,,,0
421,2/22/2018 18:15:45,2/22/2018 19:34:47,2,,,,,,,,,,,,,,,,,,,,,,,,,,,,,,,,,,,,,,,,,,,,,,,0
422,2/22/2018 19:36:47,2/22/2018 19:37:22,3,,,,,,,,,,,,,,,,,,,,,,,,,,,,,,,,,,,,,,,,,,,,,,,0
423,2/23/2018 19:33:11,2/23/2018 19:44:21,3,7,6,5,6,6,5,1,1,1,1,1,1,4,3,2,5,6,3,6,6,7,6,5,6,2,5,5,4,4,4,3,4,4,4,3,6,5,5,6,6,7,0,2,1964,1,1,1
424,2/23/2018 19:39:09,2/23/2018 19:46:28,4,6,6,6,5,4,6,2,2,2,2,2,2,4,2,6,2,2,3,6,6,6,6,6,6,5,4,4,4,4,4,3,2,3,3,3,5,5,5,6,6,7,0,2,1981,1,1,1
425,2/23/2018 19:52:36,2/23/2018 19:56:39,2,6,6,6,6,6,6,2,1,2,1,3,2,4,2,5,2,2,4,6,6,6,6,6,6,4,2,2,2,2,2,4,4,4,4,3,6,6,6,6,6,7,1,2,1993,1,1,1
426,2/23/2018 19:54:15,2/23/2018 19:58:28,1,6,6,6,5,4,6,1,1,1,1,1,1,4,2,5,3,5,,5,5,6,4,4,4,1,3,3,3,3,3,2,3,3,4,3,6,6,6,6,6,7,0,2,1974,1,1,1
427,2/23/2018 19:53:21,2/23/2018 19:59:42,1,5,5,5,5,5,5,4,1,3,2,2,3,2,2,6,3,6,,5,5,6,6,6,5,1,2,3,3,3,3,4,4,5,5,3,5,5,5,6,6,7,0,2,1991,1,1,1
428,2/23/2018 19:56:21,2/23/2018 20:02:59,2,5,6,5,5,4,6,2,2,2,2,1,2,4,2,6,2,3,1,5,3,3,5,3,3,5,4,4,4,4,4,4,3,4,4,3,5,6,6,3,3,7,0,2,1981,2,1,1
429,2/22/2018 20:05:39,2/22/2018 20:06:05,4,,,,,,,,,,,,,,,,,,,,,,,,,,,,,,,,,,,,,,,,,,,,,,,0
430,2/23/2018 20:19:04,2/23/2018 20:25:04,3,5,6,5,5,6,4,2,2,2,2,1,1,4,2,6,2,2,2,5,6,6,5,6,6,1,3,3,3,2,3,2,1,1,1,3,6,7,6,5,5,7,0,1,1980,1,2,1
431,2/23/2018 20:23:56,2/23/2018 20:30:31,2,6,6,5,6,4,6,1,1,2,1,1,2,1,5,1,4,1,1,6,6,5,7,7,5,3,4,4,4,3,3,3,4,4,4,3,5,5,5,7,7,7,0,2,1970,1,2,1
432,2/23/2018 20:25:15,2/23/2018 20:31:55,4,5,6,6,6,6,6,3,2,3,3,3,3,4,3,5,5,6,3,5,5,5,6,6,6,1,5,4,4,5,4,4,4,3,4,3,6,5,6,6,5,7,0,2,1991,1,2,1
433,2/23/2018 20:28:51,2/23/2018 20:33:27,3,5,5,5,6,6,6,1,2,2,2,1,1,2,4,1,1,1,2,6,6,7,6,6,7,1,4,5,4,3,4,5,5,4,5,3,6,6,7,7,5,7,1,1,1984,1,2,1
434,2/23/2018 20:27:23,2/23/2018 20:35:05,1,6,6,5,6,5,5,2,2,2,1,1,1,4,2,7,2,1,,6,6,6,5,5,5,6,2,3,3,3,3,4,5,3,2,3,5,5,5,3,3,7,4,2,1987,1,1,1
435,2/22/2018 20:11:35,2/22/2018 20:35:19,4,,,,,,,,,,,,,,,,,,,,,,,,,,,,,,,,,,,,,,,,,,,,,,,0
436,2/23/2018 20:48:06,2/23/2018 20:52:24,2,6,6,6,6,6,6,2,2,2,2,3,2,4,2,6,2,3,1,6,6,6,6,6,6,2,4,4,4,2,3,3,3,4,3,3,6,6,6,6,6,7,0,2,1988,1,2,1
437,2/23/2018 20:50:34,2/23/2018 20:54:27,1,7,6,7,7,7,6,1,1,1,1,1,1,2,4,7,2,1,,7,7,7,6,6,6,4,4,3,3,2,3,4,5,2,4,3,3,3,3,6,6,7,0,2,1976,1,1,1
438,2/23/2018 20:51:58,2/23/2018 20:56:54,1,5,6,5,5,5,5,2,2,2,2,1,2,4,2,5,3,4,,6,6,6,5,5,6,1,2,2,2,3,2,3,4,4,4,3,5,5,5,6,6,7,1,2,1984,1,1,1
439,2/23/2018 20:40:08,2/23/2018 21:04:37,4,7,6,4,7,7,6,1,1,6,4,1,5,3,2,1,4,7,3,4,1,1,5,5,5,8,4,3,2,3,4,3,3,2,4,4,5,5,5,3,5,7,4,1,1981,3,1,1
440,2/23/2018 21:01:58,2/23/2018 21:07:11,3,6,6,6,5,2,6,1,1,1,1,2,1,4,2,6,1,1,2,7,6,6,5,5,5,2,4,4,5,4,4,4,5,4,4,3,3,2,2,5,3,7,0,2,1987,1,1,1
441,2/23/2018 21:01:17,2/23/2018 21:08:03,2,6,5,5,5,5,5,1,1,1,1,1,1,4,1,7,1,4,1,6,6,6,4,4,4,1,3,3,4,3,3,3,3,2,2,3,6,6,6,6,6,7,1,2,1970,1,2,1
442,2/22/2018 21:05:37,2/22/2018 21:08:08,3,,,,,,,,,,,,,,,,,,,,,,,,,,,,,,,,,,,,,,,,,,,,,,,0
443,2/23/2018 20:58:20,2/23/2018 21:13:37,4,6,6,6,6,6,6,1,1,1,1,1,1,5,1,7,1,1,3,7,7,7,7,7,7,1,3,3,3,3,2,4,4,4,4,3,6,6,6,6,6,7,0,2,1978,1,2,1
444,2/22/2018 21:13:37,2/22/2018 21:13:44,4,,,,,,,,,,,,,,,,,,,,,,,,,,,,,,,,,,,,,,,,,,,,,,,0
445,2/23/2018 21:15:21,2/23/2018 21:18:23,1,6,6,6,6,6,1,1,1,1,1,1,1,2,4,1,6,6,,5,5,5,5,5,5,8,3,3,3,3,3,3,3,3,3,3,4,4,4,2,3,7,1,2,1982,1,2,1
446,2/23/2018 21:16:18,2/23/2018 21:30:41,4,7,7,5,5,4,4,1,1,1,1,1,1,5,1,4,2,4,2,7,7,7,7,7,7,3,5,5,5,5,4,4,3,4,4,3,4,4,4,7,7,7,0,2,1969,3,2,1
447,2/23/2018 21:31:20,2/23/2018 21:37:34,1,5,5,5,5,4,5,2,2,2,2,2,2,2,4,2,6,6,,5,6,6,3,3,2,8,4,4,4,4,4,4,4,3,4,3,6,6,6,6,6,7,1,1,1972,1,1,1
448,2/23/2018 21:37:34,2/23/2018 21:41:47,3,6,6,6,6,6,7,1,1,1,1,1,1,5,1,2,1,2,2,6,5,5,5,5,6,2,3,4,4,4,4,3,3,4,4,3,5,5,4,5,5,7,2,2,1993,3,2,1
449,2/23/2018 21:51:41,2/23/2018 22:02:02,2,6,6,6,6,5,6,2,2,2,2,2,2,4,2,2,2,6,1,6,6,5,6,6,6,2,1,2,2,2,3,3,3,2,2,3,6,6,6,6,6,7,1,1,1972,1,2,1
450,2/23/2018 21:52:09,2/23/2018 22:02:09,4,6,6,5,5,5,6,1,1,1,1,1,1,4,1,6,2,1,3,6,6,6,5,6,5,1,3,3,3,3,3,4,4,4,4,3,5,3,5,5,5,7,0,2,1953,1,1,1
451,2/23/2018 22:20:28,2/23/2018 22:30:54,4,6,6,5,6,5,5,1,1,1,1,1,5,5,1,7,1,1,3,7,7,7,7,7,7,1,2,4,3,5,3,2,4,5,5,3,5,3,6,7,7,7,1,2,1984,3,1,1
452,2/23/2018 22:26:05,2/23/2018 22:32:58,1,7,7,7,7,5,7,1,1,1,1,1,1,4,1,7,2,1,,6,6,6,6,5,4,6,5,5,5,5,5,5,5,5,5,3,7,7,7,7,7,7,0,2,1952,1,2,1
453,2/23/2018 22:30:37,2/23/2018 22:46:51,3,6,6,6,6,6,6,2,2,2,2,2,2,4,2,6,3,3,2,6,6,6,6,6,6,1,2,2,2,2,2,4,4,4,4,3,5,5,5,6,6,7,5,1,1983,1,2,1
454,2/23/2018 22:49:39,2/23/2018 22:54:51,1,6,6,6,6,6,6,1,1,1,1,1,1,4,2,5,2,4,,6,2,6,6,6,6,2,2,2,2,2,2,2,2,2,2,3,6,6,6,7,7,7,0,2,1979,1,2,1
455,2/23/2018 22:52:12,2/23/2018 22:56:52,4,4,4,4,4,4,4,1,1,1,1,1,1,1,5,5,7,7,3,5,5,5,5,5,5,1,4,4,4,5,5,4,4,4,5,3,5,5,5,7,7,7,0,1,1962,1,1,1
456,2/23/2018 22:58:59,2/23/2018 23:07:16,2,5,6,6,6,4,5,3,1,2,2,2,1,2,4,1,7,7,1,2,2,3,5,3,3,8,5,5,5,5,5,3,3,3,4,3,2,5,3,2,1,7,0,2,1984,3,1,1
457,2/23/2018 23:01:44,2/23/2018 23:08:53,3,6,5,6,6,5,5,2,1,1,2,1,1,4,2,5,2,4,2,5,6,6,5,6,6,2,3,3,3,3,3,3,3,4,4,3,4,5,5,5,5,7,0,2,1994,1,1,1
458,2/23/2018 23:08:58,2/23/2018 23:15:50,2,6,6,6,4,5,5,3,3,3,3,3,5,1,1,4,6,7,2,5,6,6,6,5,6,4,3,4,4,4,4,4,4,4,4,3,5,3,4,4,6,7,0,1,1994,1,1,1
459,2/23/2018 23:15:46,2/23/2018 23:20:06,1,7,7,7,7,7,7,1,1,1,1,1,1,5,1,7,1,1,,7,7,7,6,6,6,1,4,4,4,5,5,5,5,5,5,3,2,3,2,7,7,7,0,2,1996,1,1,1
460,2/23/2018 23:27:05,2/23/2018 23:31:21,1,7,7,6,5,3,6,1,1,1,1,1,1,4,2,5,2,6,,6,6,6,6,6,6,1,3,4,3,3,4,3,3,2,4,3,6,5,5,5,6,7,0,1,1989,1,1,1
461,2/23/2018 23:21:49,2/23/2018 23:35:34,2,4,3,3,4,2,3,5,5,5,5,1,2,2,4,2,6,6,1,5,6,6,4,4,4,5,4,5,5,4,4,4,4,4,4,3,5,3,2,4,5,7,0,2,1958,1,1,1
462,2/23/2018 23:31:55,2/23/2018 23:36:04,3,6,6,6,6,5,6,1,1,1,1,1,1,4,2,5,1,2,2,5,6,6,4,4,4,6,2,3,3,3,2,3,3,2,3,3,7,6,7,5,5,7,0,1,1981,1,1,1
463,2/23/2018 23:32:27,2/23/2018 23:37:20,3,7,7,7,6,6,7,1,1,1,1,1,1,4,3,7,2,2,2,5,5,5,3,5,5,1,3,3,3,3,2,4,5,5,4,3,5,5,5,7,7,7,0,2,1989,1,1,1
464,2/23/2018 23:25:49,2/23/2018 23:37:38,4,2,2,2,2,2,2,6,5,6,5,2,5,2,4,1,7,7,3,5,6,5,3,3,3,9,2,3,2,2,2,2,2,1,1,3,3,1,2,2,2,7,0,2,1994,1,1,1
465,2/23/2018 23:36:12,2/23/2018 23:38:12,1,4,5,5,3,4,5,4,4,3,4,4,4,3,4,4,3,4,,5,4,5,4,4,3,4,4,4,4,3,3,2,3,3,3,3,4,4,5,4,4,7,2,1,1987,3,1,1
466,2/23/2018 23:36:53,2/23/2018 23:43:40,2,5,6,6,5,3,5,1,1,1,2,1,1,5,1,7,1,1,1,6,6,7,7,7,6,6,3,3,3,3,4,4,5,4,3,3,6,6,6,4,4,7,0,2,1981,1,1,1
467,2/23/2018 23:46:43,2/23/2018 23:52:52,3,6,6,6,5,5,6,1,2,1,1,1,1,5,1,3,2,2,2,6,6,6,7,7,7,2,4,4,4,3,4,4,5,4,5,3,6,3,3,6,6,7,0,2,1993,1,2,1
468,2/23/2018 23:50:38,2/23/2018 23:55:53,4,5,5,6,4,4,6,2,2,2,2,3,2,4,2,6,2,2,3,6,7,7,7,7,7,8,2,2,2,3,2,2,4,4,3,3,5,5,6,3,1,7,0,2,1995,2,1,1
469,2/24/2018 0:17:37,2/24/2018 0:23:37,1,5,5,5,5,5,6,2,2,2,2,2,2,4,2,6,2,2,,5,6,5,5,6,5,1,2,3,3,3,3,3,3,3,3,3,5,5,5,5,6,7,0,2,1967,1,1,1
470,2/24/2018 0:29:33,2/24/2018 0:34:04,1,3,4,5,4,3,5,4,5,3,5,3,4,4,1,1,1,1,,6,6,6,6,6,6,2,5,5,5,5,5,5,5,5,5,3,2,2,2,6,6,7,0,1,1989,1,1,1
471,2/24/2018 0:26:42,2/24/2018 0:35:19,2,6,6,6,6,3,6,2,1,2,1,1,1,5,1,7,2,1,1,7,7,6,6,6,6,1,5,5,3,4,5,4,5,5,4,3,6,5,6,7,7,7,0,2,1982,1,1,1
472,2/24/2018 1:05:11,2/24/2018 1:07:49,1,5,5,5,3,3,4,1,1,1,1,1,1,1,4,4,3,7,,2,2,2,2,2,2,9,5,5,5,5,5,3,3,3,3,3,5,1,5,1,1,7,4,2,1997,1,2,1
473,2/24/2018 1:03:41,2/24/2018 1:10:08,3,5,6,6,5,4,5,1,1,1,1,1,1,4,2,7,1,1,2,5,4,5,3,4,5,6,2,2,2,3,2,3,4,3,3,3,5,5,6,5,5,7,2,2,1993,1,1,1
474,2/24/2018 1:21:02,2/24/2018 1:26:09,4,6,6,6,6,6,7,1,1,2,1,1,1,4,3,7,1,1,3,6,6,7,6,6,6,3,3,3,3,4,3,4,4,4,4,3,5,5,5,6,6,7,1,1,1987,1,2,1
475,2/24/2018 1:23:38,2/24/2018 1:29:01,1,6,5,6,5,3,5,2,2,3,3,2,2,2,4,2,7,7,,6,6,5,3,3,3,8,3,3,3,2,2,3,2,3,3,3,5,5,5,3,3,7,3,2,1975,1,1,1
476,2/24/2018 1:30:35,2/24/2018 1:33:00,1,4,5,6,6,4,2,4,2,5,2,6,2,4,4,6,6,6,,5,6,6,6,5,6,5,4,3,3,4,4,3,4,4,4,2,5,5,6,3,5,7,4,2,1989,1,1,1
477,2/24/2018 1:29:14,2/24/2018 1:37:08,2,6,6,6,6,5,6,1,1,1,1,1,1,5,1,7,1,1,1,7,7,7,5,5,5,2,2,2,2,2,2,2,2,2,2,3,7,7,7,7,7,7,0,2,1980,3,2,1
478,2/24/2018 1:36:30,2/24/2018 1:41:25,3,5,5,5,4,4,5,3,3,3,3,3,3,4,2,4,5,5,2,6,6,6,5,6,6,8,3,3,3,3,3,2,2,3,2,3,5,5,5,2,2,7,0,2,1962,1,1,1
479,2/24/2018 1:29:35,2/24/2018 1:41:39,3,6,6,6,6,6,6,1,1,1,1,1,1,3,3,7,1,1,2,7,7,7,7,7,7,4,1,3,2,1,3,4,4,4,3,3,6,6,7,7,6,7,1,2,1971,1,1,1
480,2/24/2018 1:24:40,2/24/2018 1:43:16,4,4,4,4,4,4,1,1,1,3,4,1,1,3,3,2,5,6,3,5,5,5,5,5,6,1,2,3,3,2,2,4,4,4,4,3,6,6,6,5,4,7,1,1,1968,1,1,1
481,2/24/2018 1:49:23,2/24/2018 1:53:31,2,6,6,6,6,5,6,3,3,3,3,3,3,4,2,6,2,2,2,6,6,6,6,6,6,1,5,5,4,5,4,4,4,4,4,3,6,6,6,6,6,7,1,2,1992,1,1,1
482,2/24/2018 2:01:06,2/24/2018 2:03:57,1,6,6,6,6,4,6,1,1,1,1,1,1,5,1,7,1,1,,7,7,7,7,7,7,1,2,2,2,2,3,3,3,3,3,3,7,7,7,7,7,7,0,1,1985,1,1,1
483,2/24/2018 1:58:33,2/24/2018 2:09:14,4,5,5,4,4,4,5,3,3,3,3,2,2,3,4,6,1,3,3,5,5,6,5,5,6,7,4,5,5,5,5,4,4,4,3,3,4,5,5,4,4,7,0,1,1982,1,1,1
484,2/24/2018 2:16:22,2/24/2018 2:19:17,1,4,5,5,5,4,5,4,2,2,2,2,2,2,4,2,5,7,,6,6,6,5,5,5,8,5,5,5,5,5,5,5,5,3,3,5,5,5,3,3,7,0,2,1989,1,2,1
485,2/24/2018 1:55:27,2/24/2018 2:26:44,2,1,5,5,3,1,1,6,2,3,5,3,1,2,5,1,7,7,1,5,5,6,5,1,5,2,3,4,4,3,3,3,5,2,4,3,5,4,5,5,5,7,6,2,1981,2,2,1
486,2/24/2018 2:17:28,2/24/2018 2:29:43,4,6,7,7,6,6,7,1,1,1,1,1,1,5,1,7,1,1,3,7,7,7,7,7,7,1,3,3,3,3,3,4,5,5,5,3,6,7,7,7,7,7,1,2,1975,1,1,1
487,2/24/2018 2:34:41,2/24/2018 2:39:49,3,5,5,5,5,5,6,2,2,2,1,2,2,3,3,7,3,1,2,5,5,5,6,6,6,7,2,3,2,2,2,2,2,1,1,3,6,7,7,4,4,7,1,2,1993,1,1,1
488,2/24/2018 2:33:33,2/24/2018 2:41:10,2,5,5,5,1,1,1,1,1,1,1,1,1,4,2,3,6,7,1,3,3,5,6,6,6,7,5,5,5,5,5,4,4,5,4,3,5,5,5,5,5,7,0,2,1977,2,2,1
489,2/23/2018 12:34:22,2/23/2018 12:34:56,4,,,,,,,,,,,,,,,,,,,,,,,,,,,,,,,,,,,,,,,,,,,,,,,0
490,2/23/2018 13:18:16,2/23/2018 13:18:28,2,,,,,,,,,,,,,,,,,,,,,,,,,,,,,,,,,,,,,,,,,,,,,,,0
491,2/23/2018 14:16:29,2/23/2018 14:17:23,4,,,,,,,,,,,,,,,,,,,,,,,,,,,,,,,,,,,,,,,,,,,,,,,0
492,2/23/2018 14:26:46,2/23/2018 14:27:00,4,,,,,,,,,,,,,,,,,,,,,,,,,,,,,,,,,,,,,,,,,,,,,,,0
493,2/23/2018 15:04:58,2/23/2018 15:07:40,3,,,,,,,,,,,,,,,,,,,,,,,,,,,,,,,,,,,,,,,,,,,,,,,0
494,2/23/2018 14:40:05,2/23/2018 15:32:41,1,6,6,6,5,5,6,2,1,2,1,1,1,4,2,5,7,6,,,,,,,,,,,,,,,,,,,,,,,,,,,,,,0
495,2/23/2018 16:38:41,2/23/2018 16:38:57,2,,,,,,,,,,,,,,,,,,,,,,,,,,,,,,,,,,,,,,,,,,,,,,,0
496,2/23/2018 15:29:45,2/23/2018 16:44:00,2,7,7,7,7,7,7,1,1,1,1,1,1,5,1,7,1,1,2,7,7,7,7,7,7,,,,,,,,,,,,,,,,,,,,,,,0
497,2/23/2018 16:45:49,2/23/2018 16:46:55,4,,,,,,,,,,,,,,,,,,,,,,,,,,,,,,,,,,,,,,,,,,,,,,,0
498,2/23/2018 16:50:08,2/23/2018 16:50:55,3,,,,,,,,,,,,,,,,,,,,,,,,,,,,,,,,,,,,,,,,,,,,,,,0
499,2/23/2018 17:08:52,2/23/2018 17:08:59,2,,,,,,,,,,,,,,,,,,,,,,,,,,,,,,,,,,,,,,,,,,,,,,,0
500,2/23/2018 17:43:02,2/23/2018 17:43:13,4,,,,,,,,,,,,,,,,,,,,,,,,,,,,,,,,,,,,,,,,,,,,,,,0
501,2/23/2018 18:06:55,2/23/2018 18:07:08,4,,,,,,,,,,,,,,,,,,,,,,,,,,,,,,,,,,,,,,,,,,,,,,,0
502,2/23/2018 18:21:05,2/23/2018 18:21:23,3,,,,,,,,,,,,,,,,,,,,,,,,,,,,,,,,,,,,,,,,,,,,,,,0
503,2/23/2018 18:31:43,2/23/2018 19:09:33,1,6,6,6,6,5,6,2,2,1,1,2,1,4,1,7,2,2,,6,6,7,6,6,7,1,3,3,3,3,3,4,4,4,3,3,6,6,6,6,6,7,,,,,,0
504,2/23/2018 19:16:23,2/23/2018 19:17:03,4,,,,,,,,,,,,,,,,,,,,,,,,,,,,,,,,,,,,,,,,,,,,,,,0
505,2/23/2018 19:28:08,2/23/2018 19:28:56,4,,,,,,,,,,,,,,,,,,,,,,,,,,,,,,,,,,,,,,,,,,,,,,,0
506,2/23/2018 19:48:28,2/23/2018 19:49:11,3,,,,,,,,,,,,,,,,,,,,,,,,,,,,,,,,,,,,,,,,,,,,,,,0
507,2/23/2018 20:22:42,2/23/2018 20:23:55,4,,,,,,,,,,,,,,,,,,,,,,,,,,,,,,,,,,,,,,,,,,,,,,,0
508,2/23/2018 20:25:01,2/23/2018 20:26:09,3,,,,,,,,,,,,,,,,,,,,,,,,,,,,,,,,,,,,,,,,,,,,,,,0
509,2/23/2018 21:04:48,2/23/2018 21:04:56,3,,,,,,,,,,,,,,,,,,,,,,,,,,,,,,,,,,,,,,,,,,,,,,,0
510,2/23/2018 21:08:51,2/23/2018 21:09:07,2,,,,,,,,,,,,,,,,,,,,,,,,,,,,,,,,,,,,,,,,,,,,,,,0
511,2/23/2018 22:33:22,2/23/2018 22:33:52,3,,,,,,,,,,,,,,,,,,,,,,,,,,,,,,,,,,,,,,,,,,,,,,,0
512,2/23/2018 23:06:53,2/23/2018 23:07:49,4,,,,,,,,,,,,,,,,,,,,,,,,,,,,,,,,,,,,,,,,,,,,,,,0
513,2/23/2018 23:39:07,2/23/2018 23:39:36,4,,,,,,,,,,,,,,,,,,,,,,,,,,,,,,,,,,,,,,,,,,,,,,,0
514,2/24/2018 0:17:12,2/24/2018 0:17:31,2,,,,,,,,,,,,,,,,,,,,,,,,,,,,,,,,,,,,,,,,,,,,,,,0
515,2/23/2018 22:13:12,2/24/2018 0:48:12,2,,,,,,,,,,,,,,,,,,,,,,,,,,,,,,,,,,,,,,,,,,,,,,,0
516,2/24/2018 0:52:26,2/24/2018 0:53:02,4,,,,,,,,,,,,,,,,,,,,,,,,,,,,,,,,,,,,,,,,,,,,,,,0
517,2/24/2018 1:12:37,2/24/2018 1:12:57,2,,,,,,,,,,,,,,,,,,,,,,,,,,,,,,,,,,,,,,,,,,,,,,,0
518,2/24/2018 1:17:46,2/24/2018 1:18:14,3,,,,,,,,,,,,,,,,,,,,,,,,,,,,,,,,,,,,,,,,,,,,,,,0
519,2/24/2018 1:41:41,2/24/2018 1:42:23,4,,,,,,,,,,,,,,,,,,,,,,,,,,,,,,,,,,,,,,,,,,,,,,,0
520,2/24/2018 1:58:59,2/24/2018 1:59:13,3,,,,,,,,,,,,,,,,,,,,,,,,,,,,,,,,,,,,,,,,,,,,,,,0
521,2/24/2018 2:08:06,2/24/2018 2:08:47,3,,,,,,,,,,,,,,,,,,,,,,,,,,,,,,,,,,,,,,,,,,,,,,,0
522,3/5/2018 10:29:30,3/5/2018 10:33:58,1,6,6,6,6,5,6,1,1,1,1,1,1,4,2,6,2,2,,5,5,6,6,5,6,6,2,2,2,2,2,2,2,2,2,3,4,5,6,6,6,7,0,2,1998,1,1,1
523,3/5/2018 10:30:37,3/5/2018 10:34:03,2,2,2,5,1,1,2,1,1,1,1,1,1,4,2,4,2,6,1,4,5,4,3,3,4,1,2,2,2,2,2,4,3,4,4,3,7,7,6,6,6,7,0,2,1994,1,2,1
524,3/5/2018 10:33:00,3/5/2018 10:36:51,1,6,4,7,5,6,7,5,5,6,5,5,6,4,5,5,7,7,,5,6,7,6,5,7,3,3,4,3,2,5,4,3,4,5,3,5,7,6,5,6,7,2,1,1987,3,2,1
525,3/5/2018 10:33:00,3/5/2018 10:36:51,1,6,4,7,5,6,7,5,5,6,5,5,6,4,5,5,7,7,,5,6,7,6,5,7,3,3,4,3,2,5,4,3,4,5,3,5,7,6,5,6,7,2,1,1987,3,2,0
526,3/5/2018 10:43:26,3/5/2018 10:49:59,4,6,6,6,6,7,5,1,1,1,1,1,2,4,2,5,2,6,3,5,6,5,6,5,6,2,4,5,5,5,5,4,4,4,2,3,5,5,5,5,5,7,2,1,1974,3,1,1
527,3/5/2018 11:08:50,3/5/2018 11:11:54,1,5,6,6,6,4,5,1,1,1,1,1,1,5,1,1,1,1,,6,7,6,7,7,7,8,1,2,2,1,1,1,5,3,5,3,7,6,6,2,2,7,0,2,1971,2,2,1
528,3/5/2018 11:16:47,3/5/2018 11:24:03,2,5,5,4,6,4,6,2,1,2,1,1,2,4,2,5,2,4,1,4,6,5,6,5,5,2,4,4,3,4,3,4,3,4,4,3,5,5,6,5,5,7,0,1,1977,3,2,1
529,3/5/2018 11:44:13,3/5/2018 11:48:10,1,5,5,5,5,4,5,2,2,2,2,1,1,5,1,7,1,1,,6,6,6,7,7,7,1,3,3,2,2,2,3,3,2,3,3,6,6,6,6,6,7,3,1,1981,1,1,1
530,3/5/2018 11:47:53,3/5/2018 11:54:05,3,6,5,5,6,4,4,1,1,1,1,1,1,3,2,6,3,1,2,6,7,6,6,6,6,2,5,5,5,5,5,5,5,5,5,3,6,5,5,7,7,7,1,1,1969,1,2,1
531,3/5/2018 11:48:06,3/5/2018 11:54:33,2,5,6,7,5,5,6,1,1,1,1,1,1,3,4,6,2,5,1,3,5,4,3,2,2,7,5,5,4,5,4,2,2,3,2,3,6,6,6,5,4,7,0,2,1982,3,1,1
532,3/5/2018 11:49:40,3/5/2018 11:54:36,4,6,6,6,5,5,5,1,1,1,1,1,1,4,2,6,2,2,3,5,5,7,3,5,6,1,3,3,3,1,2,2,4,2,3,3,3,6,5,6,6,7,1,2,1983,1,2,1
533,3/5/2018 11:51:01,3/5/2018 12:02:17,3,4,4,4,5,5,5,2,2,2,2,2,2,3,3,6,4,4,2,4,4,4,4,3,3,5,4,4,4,4,4,4,4,4,4,3,2,2,2,4,3,7,2,2,1981,1,1,1
534,3/5/2018 12:08:23,3/5/2018 12:12:01,1,2,4,4,3,1,3,4,2,5,5,3,4,4,2,7,2,1,,7,7,7,6,6,6,2,5,5,5,5,5,5,5,5,5,3,2,2,2,7,7,7,6,2,1960,1,1,1
535,3/5/2018 12:09:30,3/5/2018 12:16:48,2,6,6,6,6,6,6,1,1,1,1,1,1,5,2,7,2,1,1,6,6,6,4,4,5,4,4,5,5,5,4,4,3,4,4,3,7,7,7,5,4,7,1,2,1983,3,2,1
536,3/5/2018 12:12:47,3/5/2018 12:17:59,1,7,7,7,5,4,7,1,1,1,1,1,1,4,2,7,1,1,,7,7,7,7,7,7,4,3,3,3,3,3,4,5,5,5,3,2,3,2,7,7,7,0,2,1989,1,1,1
537,3/5/2018 12:15:35,3/5/2018 12:22:28,4,7,7,7,7,7,7,1,1,1,1,1,1,5,1,7,1,1,3,7,7,7,7,7,7,2,3,3,3,4,4,4,4,4,4,3,5,3,3,6,6,7,1,1,1965,1,2,1
538,3/5/2018 12:14:01,3/5/2018 12:22:53,3,6,6,6,6,6,5,1,1,1,1,1,1,4,1,6,1,1,2,6,7,6,7,7,7,8,2,1,1,1,3,5,2,5,3,3,4,4,4,4,4,7,0,1,1983,3,1,1
539,3/5/2018 12:18:16,3/5/2018 12:25:03,2,4,5,4,4,3,5,4,2,3,2,1,2,4,2,6,3,2,1,5,6,5,5,5,5,3,3,3,3,3,4,4,5,4,5,3,6,6,6,5,5,7,0,1,1971,1,1,1
540,3/5/2018 12:21:55,3/5/2018 12:26:27,1,2,5,5,3,6,6,7,4,5,1,1,1,1,5,1,7,7,,5,5,5,7,6,3,9,5,5,5,5,5,5,4,5,4,3,1,1,2,1,1,7,0,2,1989,3,1,1
541,3/5/2018 12:19:34,3/5/2018 12:30:42,2,4,5,4,4,4,5,3,2,1,3,2,1,4,2,1,2,3,1,6,6,6,6,6,6,2,4,3,4,4,3,3,4,3,3,3,5,4,4,6,6,7,0,2,1976,1,2,1
542,3/5/2018 12:29:34,3/5/2018 12:36:58,3,5,5,6,6,6,5,1,1,2,1,1,1,5,1,7,1,1,2,5,5,5,5,4,3,7,3,3,3,3,3,2,4,2,4,3,5,7,6,6,5,7,2,1,1976,3,2,1
543,3/5/2018 12:37:43,3/5/2018 12:41:29,3,5,6,4,4,5,5,2,3,3,2,2,3,5,1,6,5,5,2,5,5,5,4,5,5,3,5,5,5,5,5,3,5,5,4,3,2,3,2,4,5,7,0,1,1998,1,1,1
544,3/5/2018 12:34:22,3/5/2018 12:44:04,4,6,5,6,5,4,6,1,1,1,1,1,1,3,4,3,5,5,3,4,5,5,4,4,4,8,4,4,4,4,4,4,3,4,4,3,3,3,4,4,4,7,0,1,1987,1,1,1
545,3/5/2018 12:33:49,3/5/2018 12:44:34,2,5,5,4,4,4,5,3,2,2,2,1,2,4,2,6,3,2,1,5,6,5,5,6,4,1,3,2,2,2,3,3,4,3,3,3,4,5,4,6,6,7,0,2,1962,1,1,1
546,3/5/2018 12:33:34,3/5/2018 12:44:48,4,6,6,6,6,5,6,1,1,2,1,1,1,5,2,6,2,2,3,6,6,6,5,6,6,8,3,3,4,4,4,3,3,4,4,3,6,6,6,4,4,7,2,1,1965,1,1,1
547,3/5/2018 12:49:22,3/5/2018 12:52:08,1,6,6,5,5,5,4,2,2,2,2,2,2,5,2,6,2,2,,6,6,6,6,6,6,2,3,4,4,4,3,5,4,3,4,3,5,5,4,7,5,7,3,2,1987,3,1,1
548,3/5/2018 13:00:51,3/5/2018 13:02:38,1,5,5,5,5,5,3,2,2,2,4,2,1,4,4,4,4,5,,6,5,5,4,6,5,2,4,4,4,5,3,4,3,5,4,3,5,5,5,5,6,7,1,1,1987,1,2,1
549,3/5/2018 13:01:40,3/5/2018 13:06:42,2,6,6,5,6,6,5,2,2,2,2,2,2,3,3,1,1,1,1,6,6,6,6,6,6,1,3,3,3,3,4,3,5,5,5,3,5,4,5,6,6,7,0,2,1985,1,2,1
550,3/5/2018 13:03:59,3/5/2018 13:14:56,4,6,6,7,6,5,5,2,1,1,1,1,1,1,5,1,7,7,2,1,2,5,1,1,1,6,5,5,5,5,5,5,5,5,5,3,2,3,3,7,7,7,0,2,1979,3,1,1
551,3/5/2018 12:49:29,3/5/2018 13:16:48,3,7,7,7,7,7,5,1,1,1,1,1,1,5,3,7,2,4,2,6,6,6,6,6,6,1,4,3,1,2,1,4,4,4,4,3,6,3,6,7,7,7,1,1,1985,1,1,1
552,3/5/2018 13:12:20,3/5/2018 13:16:57,2,2,2,2,2,2,2,2,7,6,7,3,6,5,3,7,2,6,1,5,3,4,4,2,2,3,2,2,3,1,2,3,1,2,2,3,2,6,3,6,5,7,1,2,1986,3,2,1
553,3/5/2018 13:05:50,3/5/2018 13:18:14,4,4,4,4,4,4,4,4,4,4,4,4,4,5,1,7,1,1,3,7,7,7,7,7,7,1,5,5,5,5,5,5,5,5,5,3,7,7,7,7,7,7,3,2,1980,1,2,1
554,3/5/2018 13:17:07,3/5/2018 13:19:35,1,2,5,4,4,4,4,2,2,2,2,2,2,3,3,4,3,4,,5,5,5,3,3,3,7,2,2,2,2,2,3,3,3,3,3,6,6,5,5,5,7,0,1,1987,1,2,1
555,3/5/2018 13:20:03,3/5/2018 13:22:27,3,5,5,5,5,5,5,2,2,2,2,2,2,2,4,2,5,5,2,5,5,5,5,5,5,3,5,5,5,5,5,4,4,4,4,3,3,2,2,5,5,7,0,2,1993,1,1,1
556,3/5/2018 13:16:49,3/5/2018 13:26:14,1,5,5,4,4,3,6,1,3,1,1,1,1,4,2,1,3,2,,7,7,7,6,6,6,1,2,1,2,3,3,2,4,2,4,3,5,6,5,7,7,7,0,2,1970,1,1,1
557,3/5/2018 13:29:26,3/5/2018 13:36:16,4,6,7,7,6,6,6,1,1,1,1,1,1,5,1,6,2,1,3,7,6,7,6,6,6,2,3,2,2,2,2,2,1,1,2,3,7,7,7,6,6,7,1,1,1979,3,2,1
558,3/5/2018 13:34:08,3/5/2018 13:38:49,2,4,3,4,2,3,4,6,5,6,5,3,6,2,4,2,3,5,1,3,4,3,3,5,3,4,4,5,4,2,2,2,4,2,5,3,3,3,5,2,5,7,2,2,1995,2,3,1
559,3/5/2018 13:34:57,3/5/2018 13:43:13,4,5,6,5,5,3,6,2,1,2,2,2,2,5,1,7,2,1,3,7,7,7,7,7,7,4,2,2,2,2,3,4,5,4,5,3,5,5,5,6,6,7,0,2,1970,1,1,1
560,3/5/2018 13:43:28,3/5/2018 13:48:46,1,3,5,1,2,2,2,6,1,6,5,6,6,1,5,1,7,7,,2,2,1,2,2,2,3,5,5,5,5,5,4,3,4,3,3,5,5,3,5,5,7,0,2,1974,1,2,1
561,3/5/2018 13:44:32,3/5/2018 13:50:13,2,5,5,6,5,4,5,1,1,1,1,1,1,5,1,6,1,1,1,5,5,5,6,5,5,8,4,3,3,2,3,4,4,5,4,3,6,7,6,3,3,7,0,2,1987,3,2,1
562,3/5/2018 13:42:40,3/5/2018 13:50:23,3,6,5,6,5,5,5,1,2,2,2,2,2,3,1,5,4,4,2,6,5,5,5,5,4,4,5,5,5,4,4,4,4,4,5,3,5,5,5,6,6,7,0,2,1983,1,1,1
563,3/5/2018 13:52:50,3/5/2018 13:56:10,1,6,6,5,5,3,6,1,1,2,1,1,1,4,1,6,1,5,,2,2,1,2,2,2,2,5,4,5,3,5,3,3,2,1,3,7,7,7,1,1,7,0,2,1997,4,2,1
564,3/5/2018 13:53:54,3/5/2018 13:59:46,3,5,4,5,4,3,4,1,1,5,1,1,1,3,2,5,5,5,2,5,5,5,4,5,4,2,4,3,3,3,4,4,4,4,4,3,4,4,4,5,5,7,4,2,1976,3,2,1
565,3/5/2018 13:58:59,3/5/2018 14:02:31,1,5,6,5,5,4,4,3,2,3,4,2,2,4,2,6,3,2,,6,6,6,7,6,6,1,5,5,4,5,4,4,4,5,4,3,6,6,5,6,7,7,0,1,1979,1,1,1
566,3/5/2018 13:55:11,3/5/2018 14:05:08,2,6,6,6,6,5,6,1,1,1,1,1,1,5,1,7,1,1,1,6,6,6,6,6,6,3,4,3,3,4,4,5,4,4,4,3,2,2,3,6,6,7,0,2,1967,1,2,1
567,3/5/2018 13:48:37,3/5/2018 14:07:05,4,5,5,5,5,5,5,1,1,1,1,1,1,4,2,7,2,2,3,6,6,6,6,6,6,1,4,4,4,4,4,4,4,4,4,3,5,5,5,7,7,7,0,2,1987,1,2,1
568,3/5/2018 14:03:35,3/5/2018 14:09:55,1,5,5,5,5,5,5,2,2,2,2,2,2,2,4,5,5,2,,6,6,6,6,6,6,1,3,3,3,3,3,3,4,3,4,3,5,5,5,6,6,7,1,2,1976,2,2,1
569,3/5/2018 14:08:59,3/5/2018 14:13:45,2,6,6,5,5,5,6,1,1,1,1,1,1,5,1,6,1,2,2,6,6,6,6,6,6,1,5,4,4,4,5,4,4,4,4,3,2,2,2,6,6,7,0,2,1996,1,2,1
570,3/5/2018 14:05:59,3/5/2018 14:14:26,3,6,6,6,6,5,4,2,2,2,2,2,2,5,2,6,1,1,2,4,4,2,4,4,2,9,5,5,5,5,5,5,3,5,5,3,7,7,7,2,2,7,0,2,1991,1,1,1
571,3/5/2018 14:09:47,3/5/2018 14:17:16,4,7,7,6,6,4,7,1,1,1,1,1,1,5,1,7,1,1,3,7,7,7,7,7,7,1,5,5,5,5,5,4,4,4,4,3,2,5,3,1,6,7,0,2,1981,3,1,1
572,3/5/2018 14:14:55,3/5/2018 14:18:56,1,6,6,6,6,5,6,2,2,1,2,1,1,4,1,6,2,2,,6,7,6,5,6,5,7,3,2,2,3,3,3,4,4,3,3,6,6,6,6,6,7,0,2,1982,1,1,1
573,3/5/2018 14:17:03,3/5/2018 14:23:32,3,7,6,6,6,5,7,2,1,2,2,1,1,4,2,2,6,6,2,7,7,7,6,6,5,1,2,2,2,3,3,5,5,3,4,3,5,5,6,6,6,7,0,2,1991,1,1,1
574,3/5/2018 14:10:17,3/5/2018 14:23:58,2,6,6,6,6,5,6,1,1,1,1,1,1,2,4,1,7,7,1,7,7,7,7,7,7,8,4,4,4,4,4,4,4,4,3,3,2,1,3,2,2,7,3,2,1967,1,1,1
575,3/5/2018 14:18:34,3/5/2018 14:24:37,4,6,7,6,6,6,7,1,1,1,1,1,1,4,2,7,1,2,3,5,6,6,5,5,6,1,3,3,3,3,3,4,4,4,3,3,5,5,5,7,7,7,0,2,1990,3,1,1
576,3/5/2018 14:20:37,3/5/2018 14:26:09,1,6,7,7,5,5,7,1,1,1,1,1,1,4,1,6,3,1,,7,7,7,7,7,7,8,3,1,1,2,4,4,4,5,4,3,5,1,2,3,3,7,0,2,1977,1,1,1
577,3/5/2018 14:23:15,3/5/2018 14:27:10,2,5,4,5,5,4,5,2,2,2,2,1,1,5,1,7,1,1,2,6,6,6,4,4,5,7,3,2,3,2,3,3,2,2,2,3,5,6,6,4,4,7,0,2,1981,1,2,1
578,3/5/2018 14:23:26,3/5/2018 14:39:18,2,5,5,5,5,5,6,3,1,3,1,1,1,2,2,7,3,2,1,6,6,5,4,5,5,4,2,1,1,2,3,5,5,5,5,3,7,6,7,5,5,7,0,1,1964,1,2,1
579,3/5/2018 14:38:38,3/5/2018 14:44:18,1,5,5,4,4,4,5,4,3,3,3,3,3,3,3,5,4,3,,5,5,5,4,4,4,4,3,3,3,3,3,2,2,2,3,3,5,6,4,5,5,7,0,1,1987,3,2,1
580,3/5/2018 14:48:44,3/5/2018 14:53:07,1,6,6,6,5,6,4,3,2,3,5,1,2,1,4,1,7,7,,4,5,4,4,4,4,5,4,4,3,4,4,4,4,4,4,3,5,5,5,5,4,7,0,2,1990,1,1,1
581,3/5/2018 14:41:54,3/5/2018 14:53:14,3,7,6,6,7,6,6,2,2,2,1,1,1,4,1,7,2,1,2,6,6,6,6,6,6,1,4,5,4,4,4,5,5,5,5,3,5,3,3,7,6,7,0,2,1983,3,2,1
582,3/5/2018 14:53:31,3/5/2018 14:59:23,2,5,5,5,5,3,5,1,1,1,2,1,1,2,4,5,5,5,1,5,5,5,5,5,5,2,1,3,3,3,3,3,3,3,3,3,6,6,6,5,5,7,0,1,1950,3,1,1
583,3/5/2018 14:54:37,3/5/2018 15:00:19,3,6,6,6,6,4,6,1,1,1,1,1,1,4,2,5,6,6,2,6,6,6,6,5,6,9,4,4,4,5,4,5,5,5,5,3,3,3,4,6,6,7,2,2,1987,3,1,1
584,3/5/2018 14:58:18,3/5/2018 15:07:59,4,6,6,5,6,5,6,1,1,1,1,1,5,5,1,6,1,1,3,7,6,6,7,7,7,2,2,3,3,2,2,4,4,4,4,3,6,5,5,5,5,7,1,1,1988,2,2,1
585,3/5/2018 15:08:43,3/5/2018 15:13:13,3,2,3,3,4,2,3,3,4,4,2,2,2,3,2,5,5,4,2,3,3,3,3,3,3,1,4,4,4,4,4,2,3,3,2,3,5,6,5,5,5,7,0,2,1988,1,2,1
586,3/5/2018 15:09:49,3/5/2018 15:14:25,3,5,5,7,7,6,5,7,6,6,6,7,6,5,4,7,5,6,2,5,6,7,7,5,6,1,4,3,3,4,5,4,4,5,4,3,7,6,5,6,5,7,4,1,1988,1,2,1
587,3/5/2018 15:11:41,3/5/2018 15:16:37,4,6,7,5,5,4,6,1,1,1,1,1,1,4,1,2,1,4,3,7,7,7,7,7,7,4,3,3,3,3,3,4,5,4,4,3,7,7,6,7,7,7,0,2,1983,1,2,1
588,3/5/2018 15:08:50,3/5/2018 15:17:05,1,6,6,1,5,3,5,1,1,2,1,1,2,5,1,6,4,4,,7,5,5,6,4,4,1,4,3,4,4,3,2,4,4,3,3,5,4,4,4,6,7,5,1,1993,3,2,1
589,3/5/2018 15:14:23,3/5/2018 15:17:49,1,6,6,6,6,6,7,1,1,1,1,1,1,5,1,7,1,1,,7,7,7,7,7,7,1,3,4,4,4,4,4,5,5,5,3,5,5,5,6,7,7,0,2,1973,1,2,1
590,3/5/2018 15:16:34,3/5/2018 15:23:28,2,5,6,6,6,5,5,2,2,2,2,1,1,4,2,6,2,2,1,6,6,5,6,6,5,9,3,4,3,3,3,2,4,2,3,3,5,5,5,1,1,7,0,2,1980,1,2,1
591,3/5/2018 15:17:17,3/5/2018 15:24:38,3,6,5,5,6,6,5,1,1,1,1,1,1,4,4,1,1,1,1,4,4,4,4,3,4,7,3,4,2,4,3,5,4,3,4,3,5,5,4,3,3,7,0,1,1977,1,2,1
592,3/5/2018 15:24:45,3/5/2018 15:27:43,1,6,6,6,5,6,6,3,3,3,6,3,3,4,4,5,5,5,,6,6,6,5,6,7,5,5,4,5,5,4,3,3,4,3,2,6,6,6,6,6,5,0,2,1995,1,2,1
593,3/5/2018 15:27:59,3/5/2018 15:30:54,1,7,7,7,7,6,7,1,1,1,1,1,1,5,1,7,1,1,,6,6,6,6,6,6,1,3,3,3,3,3,3,5,5,5,3,6,6,6,5,5,7,0,1,1983,1,2,1
594,3/5/2018 15:26:02,3/5/2018 15:32:40,3,5,6,5,5,5,5,2,2,2,2,1,1,5,1,7,2,2,2,6,6,6,5,5,5,2,2,3,3,2,3,2,4,3,3,3,7,7,7,7,7,7,0,1,1990,1,2,1
595,3/5/2018 15:28:43,3/5/2018 15:32:45,4,6,6,6,5,6,7,1,1,1,1,1,1,4,2,5,3,3,3,6,5,6,4,6,6,8,4,5,5,4,4,4,4,4,5,3,3,2,2,2,6,7,0,1,1986,1,2,1
596,3/5/2018 15:26:41,3/5/2018 15:33:36,4,6,5,6,6,6,5,4,2,3,2,2,2,4,4,6,2,5,3,5,6,6,6,5,5,2,4,4,3,4,4,3,4,4,3,3,6,5,5,5,6,7,0,1,1994,1,2,1
597,3/5/2018 15:18:44,3/5/2018 15:34:16,2,6,6,6,6,6,6,1,1,1,1,1,1,3,3,4,5,5,1,6,6,6,6,6,7,1,4,5,4,4,4,5,5,5,4,3,4,4,5,7,6,7,1,2,1984,3,1,1
598,3/5/2018 15:28:13,3/5/2018 15:34:35,2,5,4,7,5,6,7,4,2,1,3,1,2,5,1,4,5,7,1,7,6,7,7,5,7,1,3,3,4,4,2,4,1,4,5,3,7,7,7,4,3,7,0,1,1991,1,1,1
599,3/5/2018 15:30:13,3/5/2018 15:34:57,3,4,4,4,4,4,4,4,4,4,5,4,4,4,3,4,5,7,2,4,4,5,5,4,5,8,5,5,5,5,5,5,5,5,5,3,6,6,6,5,2,7,0,1,1982,1,2,1
600,3/5/2018 15:36:01,3/5/2018 15:42:02,1,7,6,5,6,5,5,2,2,1,1,1,1,4,3,4,5,5,,5,4,5,3,3,5,1,1,5,5,5,4,3,2,4,5,3,5,7,5,5,5,7,0,2,1994,4,1,1
601,3/5/2018 15:34:41,3/5/2018 15:42:44,2,4,4,5,4,4,5,1,1,3,1,1,1,3,2,6,1,1,1,4,4,4,5,5,4,8,2,2,2,4,2,4,4,5,4,3,5,5,5,4,6,7,0,1,1974,3,2,1
602,3/5/2018 15:41:16,3/5/2018 15:44:28,1,7,7,6,6,5,7,1,2,1,2,1,1,2,5,5,6,1,,2,3,2,6,6,6,8,1,1,1,1,1,3,5,1,4,3,7,7,7,1,1,7,0,2,1986,1,2,1
603,3/5/2018 15:41:42,3/5/2018 15:46:28,4,5,3,3,2,4,5,4,2,6,5,4,2,4,4,6,5,6,3,5,4,5,5,6,5,2,4,4,4,3,4,4,4,4,5,3,5,6,5,4,5,7,2,2,1988,2,2,1
604,3/5/2018 15:44:34,3/5/2018 15:47:49,3,5,4,5,5,4,5,3,3,3,5,3,3,2,4,5,6,6,2,5,5,2,2,2,3,1,5,5,5,5,4,5,5,4,5,3,5,2,3,3,5,7,1,2,1992,3,1,1
605,3/5/2018 15:45:46,3/5/2018 15:49:38,1,4,4,4,3,3,4,4,3,4,5,4,5,3,3,1,1,1,,6,6,6,6,6,6,2,2,3,3,3,3,4,5,4,5,3,6,6,6,6,6,7,0,2,1966,1,2,1
606,3/5/2018 15:45:12,3/5/2018 15:50:52,2,5,5,6,6,5,5,1,1,1,1,1,1,4,2,7,2,2,1,6,6,6,6,6,6,2,2,3,3,2,2,3,5,3,4,3,6,6,6,6,6,7,1,2,1981,2,2,1
607,3/5/2018 15:50:04,3/5/2018 16:00:02,3,6,6,5,6,5,6,1,1,1,1,1,1,4,1,7,1,1,2,5,5,5,6,6,6,1,4,4,4,4,4,4,4,4,4,3,6,6,5,7,7,7,0,2,1961,1,1,1
608,3/5/2018 15:57:45,3/5/2018 16:01:25,1,6,6,6,6,6,6,1,1,1,1,1,1,4,2,6,2,2,,6,6,5,6,6,6,1,4,4,4,4,5,4,4,4,4,3,6,5,6,6,6,7,2,2,1977,1,1,1
609,3/5/2018 15:47:16,3/5/2018 16:01:52,4,3,2,2,2,2,5,5,5,5,7,6,2,2,4,2,2,4,3,6,6,6,6,6,6,2,3,3,3,3,3,3,3,3,3,3,3,3,3,6,6,7,0,2,1957,1,1,1
610,3/5/2018 15:55:23,3/5/2018 16:03:38,3,4,6,6,4,4,5,1,1,1,1,1,1,4,2,6,2,2,2,5,5,5,5,5,5,4,3,3,3,3,3,4,3,4,4,3,6,5,5,5,5,7,1,1,1978,1,2,1
611,3/5/2018 15:50:52,3/5/2018 16:07:39,2,4,6,4,5,4,4,2,5,5,2,2,3,3,3,2,3,5,1,4,4,4,1,4,4,5,3,4,3,3,3,3,3,1,2,3,6,4,3,4,5,7,0,1,1999,1,2,1
612,3/5/2018 16:03:43,3/5/2018 16:07:53,4,7,7,6,7,6,6,1,1,1,1,1,1,5,1,6,2,7,3,6,6,6,6,6,6,5,4,2,2,2,3,2,5,2,3,3,7,7,7,6,6,7,0,2,1990,1,2,1
613,3/5/2018 16:12:42,3/5/2018 16:16:55,1,5,5,5,5,5,6,2,2,2,2,2,2,4,2,6,2,3,,6,5,5,6,6,6,4,3,4,4,3,3,3,4,4,4,3,5,5,5,4,4,7,0,1,1990,1,1,1
614,3/5/2018 16:16:12,3/5/2018 16:24:19,3,7,7,7,7,7,5,1,1,1,1,1,1,4,2,6,3,2,2,6,7,7,3,5,5,2,5,5,4,5,5,3,2,3,4,3,5,5,5,7,7,7,0,2,1977,1,1,1
615,3/5/2018 16:20:30,3/5/2018 16:25:11,1,5,6,6,6,5,5,1,1,1,1,1,1,4,3,7,4,7,,5,5,4,1,1,2,8,2,2,3,3,3,3,4,4,4,3,3,4,5,3,4,7,0,1,1991,1,2,1
616,3/5/2018 16:15:43,3/5/2018 16:25:40,2,6,6,6,6,6,4,1,4,1,4,1,4,4,2,6,2,3,1,6,6,6,6,6,6,8,4,4,4,4,5,4,5,5,4,3,3,5,3,5,3,7,0,2,1975,3,2,1
617,3/5/2018 16:24:21,3/5/2018 16:28:19,4,6,6,6,6,6,6,2,2,2,2,2,2,4,1,6,2,2,3,7,7,6,6,6,7,2,3,2,2,3,2,5,5,5,5,3,6,5,5,6,7,7,0,2,1979,1,2,1
618,3/5/2018 16:26:24,3/5/2018 16:30:27,3,5,6,6,6,5,4,2,2,2,2,2,2,5,1,7,1,1,2,7,7,7,7,7,7,1,3,3,3,3,3,5,5,4,4,3,3,7,7,7,7,7,0,2,1989,1,2,1
619,3/5/2018 16:27:46,3/5/2018 16:37:11,2,4,5,4,4,4,7,1,1,1,1,1,1,4,1,6,1,2,1,5,5,5,5,5,5,8,2,2,2,1,3,3,3,4,4,3,3,2,3,3,3,7,0,1,1995,1,1,1
620,3/5/2018 16:34:26,3/5/2018 16:38:51,1,5,6,5,5,5,7,1,1,1,1,1,1,3,4,1,2,1,,3,5,7,2,2,7,8,1,1,2,3,3,3,4,2,3,3,7,7,7,5,2,7,0,1,1986,1,2,1
621,3/5/2018 16:38:55,3/5/2018 16:41:12,1,5,5,6,5,5,5,3,2,1,1,1,1,2,4,7,6,7,,2,4,5,4,4,4,2,3,3,3,3,3,2,2,2,2,3,5,5,5,5,5,7,0,2,1983,1,2,1
622,3/5/2018 16:35:48,3/5/2018 16:42:04,2,6,6,6,6,5,6,2,2,2,2,2,2,4,2,7,6,2,1,6,6,6,6,6,6,1,4,4,4,4,3,4,4,4,4,3,5,6,5,7,7,7,0,2,1976,1,2,1
623,3/5/2018 16:37:58,3/5/2018 16:42:48,3,7,7,7,7,7,7,1,1,1,1,1,1,5,1,7,1,1,2,7,7,7,7,6,7,2,3,3,1,3,3,2,3,3,3,3,6,7,7,7,6,7,4,1,1986,3,1,1
624,3/5/2018 16:33:06,3/5/2018 16:43:26,4,7,7,6,5,5,5,1,1,1,1,1,1,4,1,7,1,1,3,6,6,6,5,5,5,5,1,2,2,2,2,2,3,3,4,3,7,7,7,5,5,7,6,2,1961,1,2,1
625,3/5/2018 16:41:51,3/5/2018 16:43:45,1,4,5,6,4,5,5,3,2,2,2,1,4,3,4,7,6,5,,5,5,6,6,5,6,2,3,4,4,5,5,2,4,4,1,3,6,6,5,6,5,7,0,1,1994,1,2,1
626,3/5/2018 16:39:03,3/5/2018 16:44:00,4,6,6,5,6,5,6,2,1,2,2,1,1,5,2,2,1,2,3,6,6,7,7,6,7,1,4,3,3,3,3,4,4,5,5,3,6,6,7,7,7,7,0,1,1993,1,1,1
627,3/5/2018 16:41:53,3/5/2018 16:46:09,3,4,4,4,4,4,4,5,3,3,4,4,3,3,2,4,5,7,2,5,5,5,5,5,5,1,2,2,2,2,3,3,2,2,3,3,7,7,7,7,7,7,1,1,1965,1,2,1
628,3/5/2018 16:41:44,3/5/2018 16:51:39,2,6,6,6,6,6,6,1,1,1,1,1,1,4,3,7,1,3,1,6,6,6,7,6,6,2,4,4,4,4,4,4,4,4,4,3,5,5,5,6,6,7,0,2,1980,1,2,1
629,3/5/2018 16:50:59,3/5/2018 16:53:44,1,4,4,2,4,2,4,2,2,2,2,2,2,2,4,6,1,1,,6,6,6,6,6,5,1,1,2,2,2,1,3,5,3,2,3,6,6,6,6,6,7,1,1,1985,1,1,1
630,3/5/2018 16:47:14,3/5/2018 16:54:06,3,6,6,5,6,6,5,2,2,2,2,2,2,2,3,5,2,5,3,5,6,6,6,6,6,1,5,5,5,5,4,4,4,4,4,3,7,7,7,6,7,7,0,1,1991,1,1,1
631,3/5/2018 16:34:56,3/5/2018 16:56:21,4,7,6,7,7,7,6,1,1,1,1,1,1,4,2,6,2,3,2,6,6,6,6,6,6,8,4,3,4,4,4,4,4,4,4,3,5,5,6,3,2,7,0,1,1990,2,1,1
632,3/5/2018 16:56:16,3/5/2018 17:03:35,2,6,6,6,6,6,6,2,2,2,2,2,2,4,1,2,3,6,1,6,6,6,3,3,3,4,2,2,2,2,2,2,4,3,3,3,7,7,7,6,6,7,0,2,1986,1,1,1
633,3/5/2018 16:55:42,3/5/2018 17:03:57,4,6,5,6,6,5,4,5,3,6,4,6,3,4,4,6,5,6,1,6,5,5,5,5,6,1,4,4,3,4,4,4,4,4,3,3,5,6,6,5,6,7,1,2,1988,1,2,1
634,3/5/2018 17:07:08,3/5/2018 17:15:21,4,5,5,5,5,4,5,2,1,1,2,1,1,5,1,7,1,1,3,2,5,5,5,5,5,8,3,3,3,3,3,4,4,4,3,3,6,7,7,2,1,7,1,2,1991,1,2,1
635,3/5/2018 17:11:42,3/5/2018 17:17:45,1,7,7,7,7,7,6,1,1,1,1,1,1,4,1,7,1,3,,7,7,7,7,7,7,2,5,5,5,5,5,5,5,4,5,3,6,5,5,7,7,7,0,2,1968,2,1,1
636,3/5/2018 17:06:29,3/5/2018 17:20:07,3,7,7,7,7,7,7,1,1,1,1,1,1,1,5,1,7,5,2,5,6,6,7,7,7,8,5,3,3,5,4,4,3,3,3,3,5,7,5,1,1,7,0,2,1979,1,1,1
637,3/5/2018 17:19:02,3/5/2018 17:22:17,4,7,7,7,7,7,7,1,1,1,1,1,1,4,2,4,2,4,3,5,5,6,5,5,6,8,5,5,5,5,5,5,5,5,5,3,6,4,6,4,4,7,0,1,1992,3,1,1
638,3/5/2018 17:27:17,3/5/2018 17:29:40,1,5,5,6,5,4,5,1,3,1,5,1,1,5,1,6,1,2,,7,7,7,7,7,7,1,2,2,2,3,2,4,3,4,3,3,7,6,7,7,7,7,0,1,1984,1,2,1
639,3/5/2018 17:16:54,3/5/2018 17:30:59,2,3,3,3,3,3,4,5,5,4,5,2,2,4,2,5,1,2,1,5,5,6,5,5,6,6,4,3,3,4,3,4,5,4,3,3,7,6,6,6,6,7,0,1,1993,1,2,1
640,3/5/2018 17:19:31,3/5/2018 17:33:34,3,6,4,5,5,6,5,4,5,6,5,6,5,4,3,4,5,6,1,5,6,6,6,5,7,4,4,4,3,3,4,4,4,4,3,3,6,5,6,5,6,7,2,1,1986,1,2,1
641,3/5/2018 17:33:15,3/5/2018 17:38:09,1,5,7,5,6,5,1,3,1,2,5,1,5,5,3,7,7,2,,7,7,7,7,7,7,9,3,3,3,2,2,2,2,2,2,3,7,7,7,1,1,7,0,2,1965,1,2,1
642,3/5/2018 17:35:27,3/5/2018 17:43:25,4,7,5,5,6,6,6,1,1,2,2,1,1,1,5,1,6,7,3,6,6,6,6,6,6,4,3,3,3,3,3,3,4,4,4,3,4,5,5,3,7,7,0,2,1956,1,1,1
643,3/5/2018 17:40:22,3/5/2018 17:46:18,1,6,6,6,5,5,4,2,2,2,2,1,1,2,3,4,5,5,,5,5,6,5,5,5,2,2,3,3,2,3,2,2,2,3,3,5,6,5,5,5,7,5,1,1972,1,2,1
644,3/5/2018 17:35:27,3/5/2018 17:51:05,2,6,6,7,6,6,2,2,2,2,2,1,2,4,2,3,2,6,1,6,7,7,6,6,7,2,4,5,5,5,4,5,4,4,4,3,3,2,3,5,6,7,0,1,1993,1,1,1
645,3/5/2018 17:49:40,3/5/2018 17:54:34,2,3,4,2,4,2,2,5,4,5,2,2,2,2,4,2,6,6,1,2,2,2,2,2,1,8,5,5,5,5,4,4,4,5,2,3,3,3,2,2,3,7,0,2,1985,3,2,1
646,3/5/2018 17:42:15,3/5/2018 18:04:53,4,6,6,2,6,6,7,1,1,2,2,1,1,5,4,5,6,7,3,7,6,7,6,7,5,1,4,4,5,5,5,5,3,4,4,3,4,5,6,5,7,7,1,1,1979,3,1,1
647,3/5/2018 10:26:54,3/5/2018 10:27:09,4,,,,,,,,,,,,,,,,,,,,,,,,,,,,,,,,,,,,,,,,,,,,,,,0
648,3/5/2018 10:38:46,3/5/2018 10:38:50,2,,,,,,,,,,,,,,,,,,,,,,,,,,,,,,,,,,,,,,,,,,,,,,,0
